{"context": "\n\n\u6982\u8981\nAerospike \u3067\u306f aql (Aerospike Query Language) \u3068\u547c\u3070\u308c\u308b SQL \u306b\u8fd1\u3044\u30b3\u30de\u30f3\u30c9\u30e9\u30a4\u30f3\u30a4\u30f3\u30bf\u30fc\u30d5\u30a7\u30fc\u30b9\u304c\u3042\u308a\u307e\u3059\u3002\naql \u3092\u4f7f\u3063\u3066 CRUD\u51e6\u7406\u306a\u3069\u306e\u30c7\u30fc\u30bf\u64cd\u4f5c\u3092\u8a66\u3057\u3066\u307f\u307e\u3059\u3002\n\n\u524d\u63d0\nAerospike \u30a4\u30f3\u30b9\u30c8\u30fc\u30eb\u6e08\u307f\u74b0\u5883\nAerospike \u3092 Ubuntu 15.04 \u306b\u30a4\u30f3\u30b9\u30c8\u30fc\u30eb\u3059\u308b\u624b\u9806\n\n\u7528\u8a9e\nAerospike \u3068 RDB \u306f\u7528\u8a9e\u304c\u9055\u3046\u306e\u3067\u3001\u6df7\u4e71\u3057\u306a\u3044\u3088\u3046\u306b\u307e\u3068\u3081\u3066\u304a\u304d\u307e\u3059\u3002\n\n\n\nAerospike\nRDB\n\n\n\n\nNamespace\nDatabase\n\n\nSet\nTable\n\n\nRecord\nRow\n\n\nBin\nColumn\n\n\n\n\u53c2\u8003\uff1aAerospike Data Model\n\naql \u8d77\u52d5\nAerospike \u306e\u30b5\u30fc\u30d3\u30b9\u304c\u8d77\u52d5\u3057\u3066\u3044\u308b\u3053\u3068\u3092\u78ba\u8a8d\u3057\u3001\u4ee5\u4e0b\u306e\u30b3\u30de\u30f3\u30c9\u3092\u5b9f\u884c\u3057\u307e\u3059\u3002\n$ aql\n\nAerospike Query\nCopyright 2013-2015 Aerospike. All rights reserved.\n\naql>\n\naql \u306e\u30d7\u30ed\u30f3\u30d7\u30c8\u304c\u8868\u793a\u3055\u308c\u307e\u3059\u3002\n\nCRUD\n\u4ee5\u4e0b\u306e\u3088\u3046\u306a\u69cb\u6210\u306e fruits \u3068\u3044\u3046 Set \u3092 aql \u3067\u4f5c\u3063\u3066\u307f\u307e\u3059\u3002\n\n\n\nPK(primary key)\nName\nPrice\nDescription\n\n\n\n\n1\nRingo\n100\nfrom Aomori\n\n\n2\nMikan\n50\nfrom Wakayama\n\n\n3\nNashi\n150\nfrom Tottori\n\n\n4\nDragon Fruit\n300\nfrom Ishigaki-island\n\n\n\n\u306a\u304a\u3001Namespace \u306f test \u3068\u3057\u307e\u3059\u3002\n\u203bAerospike \u30a4\u30f3\u30b9\u30c8\u30fc\u30eb\u6642\u306b\u30c7\u30d5\u30a9\u30eb\u30c8\u3067\u4f5c\u6210\u3055\u308c\u3066\u3044\u307e\u3059\u3002\n\n\u30c7\u30fc\u30bf\u751f\u6210\ninsert\u6587\u3067\u30c7\u30fc\u30bf\u3092\u751f\u6210\u3057\u307e\u3059\u3002\ninsert\u524d\u306bcreate table\u7684\u306a\u51e6\u7406\u306f\u4e0d\u8981\u3067\u3059\u3002\naql> INSERT INTO test.fruits (PK, Name, Price, Description) VALUES (1, 'Ringo', 100, 'from Aomori')\n\nOK, 1 record affected.\n\n\u540c\u69d8\u306b\u4ee5\u4e0b\u306e\u30ec\u30b3\u30fc\u30c9\u3092\u8ffd\u52a0\u3057\u307e\u3059\u3002\naql> INSERT INTO test.fruits (PK, Name, Price, Description) VALUES (2, 'Mikan', 50, 'from Ehime')\naql> INSERT INTO test.fruits (PK, Name, Price, Description) VALUES (3, 'Nashi', 150, 'from Tottori')\naql> INSERT INTO test.fruits (PK, Name, Price, Description) VALUES (4, 'Dragon Fruit', 300, 'from Ishigaki-island')\naql> INSERT INTO test.fruits (PK, Name, Price, Description) VALUES (5, 'starfruit', 300, 'from Miyako-island')\n\n\n\u30c7\u30fc\u30bf\u66f4\u65b0\nupdate\u6587\u306f\u7121\u3044\u305f\u3081\u3001insert\u6587\u3067 PK \u3092\u6307\u5b9a\u3057\u3001\u30c7\u30fc\u30bf\u3092\u66f4\u65b0\u3057\u307e\u3059\u3002\naql> INSERT INTO test.fruits (PK, Description) VALUES (2, 'from Wakayama')\n\nOK, 1 record affected.\n\n\n\u30c7\u30fc\u30bf\u524a\u9664\ndelete\u6587\u3067\u30c7\u30fc\u30bf\u3092\u524a\u9664\u3057\u307e\u3059\u3002PK \u3092\u6307\u5b9a\u3059\u308b\u5fc5\u8981\u304c\u3042\u308a\u307e\u3059\u3002\naql> DELETE FROM test.fruits WHERE PK = 5\n\nOK, 1 record affected.\n\n\n\u30c7\u30fc\u30bf\u8aad\u307f\u53d6\u308a\nselect\u6587\u3067\u30c7\u30fc\u30bf\u3092\u53c2\u7167\u3057\u307e\u3059\u3002\naql> SELECT * FROM test.fruits\n\n+----------------+-------+------------------------+\n| Name           | Price | Description            |\n+----------------+-------+------------------------+\n| \"Dragon Fruit\" | 300   | \"from Ishigaki-island\" |\n| \"Nashi\"        | 150   | \"from Tottori\"         |\n| \"Mikan\"        | 50    | \"from Wakayama\"        |\n| \"Ringo\"        | 100   | \"from Aomori\"          |\n+----------------+-------+------------------------+\n4 rows in set (0.014 secs)\n\n\u610f\u56f3\u3057\u305f\u901a\u308a\u306b\u30c7\u30fc\u30bf\u3092\u6e96\u5099\u3057\u3001\u53c2\u7167\u3059\u308b\u3053\u3068\u304c\u3067\u304d\u307e\u3057\u305f\u3002\n\n\u53c2\u7167\u7d50\u679c\u306b PK \u304c\u8868\u793a\u3055\u308c\u3066\u3044\u306a\u3044\nAerospike \u3067\u306f\u3001\u30ad\u30fc\u3092\u30cf\u30c3\u30b7\u30e5\u5316\u3057\u3066\u5229\u7528\u3059\u308b\u305f\u3081\u3001\u30c7\u30d5\u30a9\u30eb\u30c8\u3067\u306f Primary Key \u3092\u305d\u306e\u307e\u307e\u53c2\u7167\u3059\u308b\u3053\u3068\u304c\u3067\u304d\u307e\u305b\u3093\u3002\n\u30ad\u30fc\u3092\u53c2\u7167\u3059\u308b\u306b\u306f\u3001\u30ad\u30fc\u3092\u305d\u306e\u307e\u307e\u4fdd\u5b58\u3059\u308b\u30aa\u30d7\u30b7\u30e7\u30f3\u3092\u5229\u7528\u3059\u308b\u5fc5\u8981\u304c\u3042\u308a\u307e\u3059\u304c\u3001 aql \u5358\u4f53\u3067\u306f\u305d\u306e\u3088\u3046\u306a\u6a5f\u80fd\u306f\u306a\u3044\u3088\u3046\u3067\u3059 \u3002 \n\uff082016/6/30 \u8ffd\u8a18\uff09\nver.3.8.2.2 \u4ee5\u964d\u3001aql\u8d77\u52d5\u6642\u306b -K \u30aa\u30d7\u30b7\u30e7\u30f3\u3092\u6307\u5b9a\u3059\u308b\u3053\u3068\u3067\u3001\u30ad\u30fc\u3092\u305d\u306e\u307e\u307e\u4fdd\u5b58\u3067\u304d\u308b\u3088\u3046\u3067\u3059\u3002\n\n\u30c7\u30fc\u30bf\u8aad\u307f\u53d6\u308a\uff08Bin\u5358\u4f4d\u3067\u7d5e\u8fbc\uff09\nBin\u5358\u4f4d\u3067where\u53e5\u306b\u3088\u308b\u7d5e\u8fbc\u3092\u884c\u3046\u306b\u306f\u3001\u5225\u9014\u30a4\u30f3\u30c7\u30c3\u30af\u30b9\u3092\u4f5c\u6210\u3059\u308b\u5fc5\u8981\u304c\u3042\u308a\u307e\u3059\u3002\nName, Price \u306e Bin \u306b\u305d\u308c\u305e\u308c fruit_name_index, fruit_price_index \u3068\u3044\u3046\u30a4\u30f3\u30c7\u30c3\u30af\u30b9\u3092\u4f5c\u6210\u3057\u3066\u307f\u307e\u3059\u3002\naql> CREATE INDEX fruit_name_index ON test.fruits (Name) STRING\n\nOK, 1 index added.\n\naql> CREATE INDEX fruit_price_index ON test.fruits (Price) NUMERIC\n\nOK, 1 index added.\n\n\u30a4\u30f3\u30c7\u30c3\u30af\u30b9\u4f5c\u6210\u5f8c\u3001\u7d5e\u308a\u8fbc\u307f\u3092\u5b9f\u884c\u3067\u304d\u307e\u3059\u3002\naql> SELECT * FROM test.fruits WHERE Name = 'Nashi'\n\n+---------+-------+----------------+\n| Name    | Price | Description    |\n+---------+-------+----------------+\n| \"Nashi\" | 150   | \"from Tottori\" |\n+---------+-------+----------------+\n1 row in set (0.000 secs)\n\naql> SELECT * FROM test.fruits WHERE Price BETWEEN 0 and 120\n\n+---------+-------+-----------------+\n| Name    | Price | Description     |\n+---------+-------+-----------------+\n| \"Ringo\" | 100   | \"from Aomori\"   |\n| \"Mikan\" | 50    | \"from Wakayama\" |\n+---------+-------+-----------------+\n2 rows in set (0.000 secs)\n\n\n\u305d\u306e\u4ed6\u306e\u64cd\u4f5c\n\nNamespace\u30ea\u30b9\u30c8\nNamespace \u306e\u30ea\u30b9\u30c8\u3092\u8868\u793a\u3057\u307e\u3059\u3002\naql> SHOW NAMESPACES\n\n+------------+\n| namespaces |\n+------------+\n| \"test\"     |\n| \"bar\"      |\n+------------+\n2 rows in set (0.001 secs)\n\n\nSet\u30ea\u30b9\u30c8\n\u3059\u3079\u3066\u306e Set \u3092\u8868\u793a\u3057\u307e\u3059\u3002\naql> SHOW SETS\n\n+-----------+------------------+----------------+-------------------+----------------+---------+----------+------------+\n| n_objects | disable-eviction | set-enable-xdr | stop-writes-count | n-bytes-memory | ns_name | set_name | set-delete |\n+-----------+------------------+----------------+-------------------+----------------+---------+----------+------------+\n| 4         | \"false\"          | \"use-default\"  | 0                 | 275            | \"test\"  | \"fruits\" | \"false\"    |\n+-----------+------------------+----------------+-------------------+----------------+---------+----------+------------+\n1 row in set (0.000 secs)\nOK\n\n\nBin\u30ea\u30b9\u30c8\n\u3059\u3079\u3066\u306e Bin \u3092\u8868\u793a\u3057\u307e\u3059\u3002\naql> SHOW BINS\n\naql> show bins\n+-------+---------------+-------+-----------+\n| quota | bin           | count | namespace |\n+-------+---------------+-------+-----------+\n| 32768 | \"Name\"        | 3     | \"test\"    |\n| 32768 | \"Price\"       | 3     | \"test\"    |\n| 32768 | \"Description\" | 3     | \"test\"    |\n+-------+---------------+-------+-----------+\n3 rows in set (0.000 secs)\nOK\n\n\n\nIndex\u30ea\u30b9\u30c8\n\u3059\u3079\u3066\u306e Index \u3092\u8868\u793a\u3057\u307e\u3059\u3002\naql> SHOW INDEXES\n\n+--------+---------+-----------+----------+-------+---------------------+---------+------------+-----------+\n| ns     | bin     | indextype | set      | state | indexname           | path    | sync_state | type      |\n+--------+---------+-----------+----------+-------+---------------------+---------+------------+-----------+\n| \"test\" | \"Price\" | \"NONE\"    | \"fruits\" | \"RW\"  | \"fruit_price_index\" | \"Price\" | \"synced\"   | \"NUMERIC\" |\n| \"test\" | \"Name\"  | \"NONE\"    | \"fruits\" | \"RW\"  | \"fruit_name_index\"  | \"Name\"  | \"synced\"   | \"STRING\"  |\n+--------+---------+-----------+----------+-------+---------------------+---------+------------+-----------+\n2 rows in set (0.000 secs)\nOK\n\n\n\u53c2\u8003\nAerospike Tools & Utilities - Aerospike Query Language\n## \u6982\u8981\nAerospike \u3067\u306f [aql](http://www.aerospike.com/docs/tools/aql/) (*Aerospike Query Language*) \u3068\u547c\u3070\u308c\u308b SQL \u306b\u8fd1\u3044\u30b3\u30de\u30f3\u30c9\u30e9\u30a4\u30f3\u30a4\u30f3\u30bf\u30fc\u30d5\u30a7\u30fc\u30b9\u304c\u3042\u308a\u307e\u3059\u3002\naql \u3092\u4f7f\u3063\u3066 CRUD\u51e6\u7406\u306a\u3069\u306e\u30c7\u30fc\u30bf\u64cd\u4f5c\u3092\u8a66\u3057\u3066\u307f\u307e\u3059\u3002\n\n## \u524d\u63d0\nAerospike \u30a4\u30f3\u30b9\u30c8\u30fc\u30eb\u6e08\u307f\u74b0\u5883\n[Aerospike \u3092 Ubuntu 15.04 \u306b\u30a4\u30f3\u30b9\u30c8\u30fc\u30eb\u3059\u308b\u624b\u9806](http://qiita.com/amotz/items/00f001529b8f587b09c2)\n\n## \u7528\u8a9e\n\nAerospike \u3068 RDB \u306f\u7528\u8a9e\u304c\u9055\u3046\u306e\u3067\u3001\u6df7\u4e71\u3057\u306a\u3044\u3088\u3046\u306b\u307e\u3068\u3081\u3066\u304a\u304d\u307e\u3059\u3002\n\n| Aerospike | RDB | \n|:-----------|:------------|\n| Namespace  |Database     |\n| Set     |Table    |\n| Record       |Row     |\n| Bin |Column      |\n\n\u53c2\u8003\uff1a[Aerospike Data Model](http://www.aerospike.com/docs/architecture/data-model.html)\n\n## aql \u8d77\u52d5\nAerospike \u306e\u30b5\u30fc\u30d3\u30b9\u304c\u8d77\u52d5\u3057\u3066\u3044\u308b\u3053\u3068\u3092\u78ba\u8a8d\u3057\u3001\u4ee5\u4e0b\u306e\u30b3\u30de\u30f3\u30c9\u3092\u5b9f\u884c\u3057\u307e\u3059\u3002\n\n```bash\n$ aql\n```\n\n```shell-session\nAerospike Query\nCopyright 2013-2015 Aerospike. All rights reserved.\n\naql>\n```\n\naql \u306e\u30d7\u30ed\u30f3\u30d7\u30c8\u304c\u8868\u793a\u3055\u308c\u307e\u3059\u3002\n\n## CRUD\n\n\u4ee5\u4e0b\u306e\u3088\u3046\u306a\u69cb\u6210\u306e **fruits** \u3068\u3044\u3046 Set \u3092 aql \u3067\u4f5c\u3063\u3066\u307f\u307e\u3059\u3002\n\n| PK(primary key) | Name | Price | Description | \n|:-----------|:------------|:------------|:------------|\n| 1  | Ringo     | 100 | from Aomori |\n| 2  | Mikan    | 50 | from Wakayama |\n| 3  | Nashi     | 150 | from Tottori |\n| 4  | Dragon Fruit | 300 | from Ishigaki-island |\n\n\u306a\u304a\u3001Namespace \u306f **test** \u3068\u3057\u307e\u3059\u3002\n\u203bAerospike \u30a4\u30f3\u30b9\u30c8\u30fc\u30eb\u6642\u306b\u30c7\u30d5\u30a9\u30eb\u30c8\u3067\u4f5c\u6210\u3055\u308c\u3066\u3044\u307e\u3059\u3002\n\n### \u30c7\u30fc\u30bf\u751f\u6210\ninsert\u6587\u3067\u30c7\u30fc\u30bf\u3092\u751f\u6210\u3057\u307e\u3059\u3002\ninsert\u524d\u306bcreate table\u7684\u306a\u51e6\u7406\u306f\u4e0d\u8981\u3067\u3059\u3002\n\n```sql\naql> INSERT INTO test.fruits (PK, Name, Price, Description) VALUES (1, 'Ringo', 100, 'from Aomori')\n```\n\n```shell-session\nOK, 1 record affected.\n```\n\n\u540c\u69d8\u306b\u4ee5\u4e0b\u306e\u30ec\u30b3\u30fc\u30c9\u3092\u8ffd\u52a0\u3057\u307e\u3059\u3002\n\n```sql\naql> INSERT INTO test.fruits (PK, Name, Price, Description) VALUES (2, 'Mikan', 50, 'from Ehime')\naql> INSERT INTO test.fruits (PK, Name, Price, Description) VALUES (3, 'Nashi', 150, 'from Tottori')\naql> INSERT INTO test.fruits (PK, Name, Price, Description) VALUES (4, 'Dragon Fruit', 300, 'from Ishigaki-island')\naql> INSERT INTO test.fruits (PK, Name, Price, Description) VALUES (5, 'starfruit', 300, 'from Miyako-island')\n```\n\n### \u30c7\u30fc\u30bf\u66f4\u65b0\nupdate\u6587\u306f\u7121\u3044\u305f\u3081\u3001insert\u6587\u3067 PK \u3092\u6307\u5b9a\u3057\u3001\u30c7\u30fc\u30bf\u3092\u66f4\u65b0\u3057\u307e\u3059\u3002\n\n```sql\naql> INSERT INTO test.fruits (PK, Description) VALUES (2, 'from Wakayama')\n```\n\n```shell-session\nOK, 1 record affected.\n```\n\n### \u30c7\u30fc\u30bf\u524a\u9664\ndelete\u6587\u3067\u30c7\u30fc\u30bf\u3092\u524a\u9664\u3057\u307e\u3059\u3002PK \u3092\u6307\u5b9a\u3059\u308b\u5fc5\u8981\u304c\u3042\u308a\u307e\u3059\u3002\n\n```sql\naql> DELETE FROM test.fruits WHERE PK = 5\n```\n\n```shell-session\nOK, 1 record affected.\n```\n\n### \u30c7\u30fc\u30bf\u8aad\u307f\u53d6\u308a\nselect\u6587\u3067\u30c7\u30fc\u30bf\u3092\u53c2\u7167\u3057\u307e\u3059\u3002\n\n```sql\naql> SELECT * FROM test.fruits\n```\n\n```shell-session\n+----------------+-------+------------------------+\n| Name           | Price | Description            |\n+----------------+-------+------------------------+\n| \"Dragon Fruit\" | 300   | \"from Ishigaki-island\" |\n| \"Nashi\"        | 150   | \"from Tottori\"         |\n| \"Mikan\"        | 50    | \"from Wakayama\"        |\n| \"Ringo\"        | 100   | \"from Aomori\"          |\n+----------------+-------+------------------------+\n4 rows in set (0.014 secs)\n```\n\n\u610f\u56f3\u3057\u305f\u901a\u308a\u306b\u30c7\u30fc\u30bf\u3092\u6e96\u5099\u3057\u3001\u53c2\u7167\u3059\u308b\u3053\u3068\u304c\u3067\u304d\u307e\u3057\u305f\u3002\n#### \u53c2\u7167\u7d50\u679c\u306b PK \u304c\u8868\u793a\u3055\u308c\u3066\u3044\u306a\u3044\nAerospike \u3067\u306f\u3001[\u30ad\u30fc\u3092\u30cf\u30c3\u30b7\u30e5\u5316\u3057\u3066\u5229\u7528](http://www.aerospike.com/docs/architecture/data-model.html#keys-and-digests)\u3059\u308b\u305f\u3081\u3001\u30c7\u30d5\u30a9\u30eb\u30c8\u3067\u306f Primary Key \u3092\u305d\u306e\u307e\u307e\u53c2\u7167\u3059\u308b\u3053\u3068\u304c\u3067\u304d\u307e\u305b\u3093\u3002\n\u30ad\u30fc\u3092\u53c2\u7167\u3059\u308b\u306b\u306f\u3001[\u30ad\u30fc\u3092\u305d\u306e\u307e\u307e\u4fdd\u5b58\u3059\u308b\u30aa\u30d7\u30b7\u30e7\u30f3](https://www.aerospike.com/apidocs/java/com/aerospike/client/policy/Policy.html#sendKey)\u3092\u5229\u7528\u3059\u308b\u5fc5\u8981\u304c\u3042\u308a\u307e\u3059~~\u304c\u3001 aql \u5358\u4f53\u3067\u306f\u305d\u306e\u3088\u3046\u306a\u6a5f\u80fd\u306f\u306a\u3044\u3088\u3046\u3067\u3059~~ \u3002 \n**\uff082016/6/30 \u8ffd\u8a18\uff09**\n[ver.3.8.2.2](http://www.aerospike.com/download/server/notes.html#3.8.2.2) \u4ee5\u964d\u3001aql\u8d77\u52d5\u6642\u306b ```-K``` \u30aa\u30d7\u30b7\u30e7\u30f3\u3092\u6307\u5b9a\u3059\u308b\u3053\u3068\u3067\u3001\u30ad\u30fc\u3092\u305d\u306e\u307e\u307e\u4fdd\u5b58\u3067\u304d\u308b\u3088\u3046\u3067\u3059\u3002\n\n### \u30c7\u30fc\u30bf\u8aad\u307f\u53d6\u308a\uff08Bin\u5358\u4f4d\u3067\u7d5e\u8fbc\uff09\nBin\u5358\u4f4d\u3067where\u53e5\u306b\u3088\u308b\u7d5e\u8fbc\u3092\u884c\u3046\u306b\u306f\u3001\u5225\u9014\u30a4\u30f3\u30c7\u30c3\u30af\u30b9\u3092\u4f5c\u6210\u3059\u308b\u5fc5\u8981\u304c\u3042\u308a\u307e\u3059\u3002\nName, Price \u306e Bin \u306b\u305d\u308c\u305e\u308c **fruit_name_index**, **fruit_price_index** \u3068\u3044\u3046\u30a4\u30f3\u30c7\u30c3\u30af\u30b9\u3092\u4f5c\u6210\u3057\u3066\u307f\u307e\u3059\u3002\n\n```sql\naql> CREATE INDEX fruit_name_index ON test.fruits (Name) STRING\n```\n\n```shell-session\nOK, 1 index added.\n```\n\n```sql\naql> CREATE INDEX fruit_price_index ON test.fruits (Price) NUMERIC\n```\n\n```shell-session\nOK, 1 index added.\n```\n\n\u30a4\u30f3\u30c7\u30c3\u30af\u30b9\u4f5c\u6210\u5f8c\u3001\u7d5e\u308a\u8fbc\u307f\u3092\u5b9f\u884c\u3067\u304d\u307e\u3059\u3002\n\n```sql\naql> SELECT * FROM test.fruits WHERE Name = 'Nashi'\n```\n\n```shell-session\n+---------+-------+----------------+\n| Name    | Price | Description    |\n+---------+-------+----------------+\n| \"Nashi\" | 150   | \"from Tottori\" |\n+---------+-------+----------------+\n1 row in set (0.000 secs)\n```\n\n\n```sql\naql> SELECT * FROM test.fruits WHERE Price BETWEEN 0 and 120\n```\n\n```shell-session\n+---------+-------+-----------------+\n| Name    | Price | Description     |\n+---------+-------+-----------------+\n| \"Ringo\" | 100   | \"from Aomori\"   |\n| \"Mikan\" | 50    | \"from Wakayama\" |\n+---------+-------+-----------------+\n2 rows in set (0.000 secs)\n```\n\n## \u305d\u306e\u4ed6\u306e\u64cd\u4f5c\n\n### Namespace\u30ea\u30b9\u30c8\nNamespace \u306e\u30ea\u30b9\u30c8\u3092\u8868\u793a\u3057\u307e\u3059\u3002\n\n```sql\naql> SHOW NAMESPACES\n```\n\n```shell-session\n+------------+\n| namespaces |\n+------------+\n| \"test\"     |\n| \"bar\"      |\n+------------+\n2 rows in set (0.001 secs)\n```\n\n### Set\u30ea\u30b9\u30c8\n\u3059\u3079\u3066\u306e Set \u3092\u8868\u793a\u3057\u307e\u3059\u3002\n\n```sql\naql> SHOW SETS\n```\n```shell-session\n+-----------+------------------+----------------+-------------------+----------------+---------+----------+------------+\n| n_objects | disable-eviction | set-enable-xdr | stop-writes-count | n-bytes-memory | ns_name | set_name | set-delete |\n+-----------+------------------+----------------+-------------------+----------------+---------+----------+------------+\n| 4         | \"false\"          | \"use-default\"  | 0                 | 275            | \"test\"  | \"fruits\" | \"false\"    |\n+-----------+------------------+----------------+-------------------+----------------+---------+----------+------------+\n1 row in set (0.000 secs)\nOK\n```\n\n### Bin\u30ea\u30b9\u30c8\n\u3059\u3079\u3066\u306e Bin \u3092\u8868\u793a\u3057\u307e\u3059\u3002\n\n```sql\naql> SHOW BINS\n```\n\n```shell-session\naql> show bins\n+-------+---------------+-------+-----------+\n| quota | bin           | count | namespace |\n+-------+---------------+-------+-----------+\n| 32768 | \"Name\"        | 3     | \"test\"    |\n| 32768 | \"Price\"       | 3     | \"test\"    |\n| 32768 | \"Description\" | 3     | \"test\"    |\n+-------+---------------+-------+-----------+\n3 rows in set (0.000 secs)\nOK\n\n```\n\n### Index\u30ea\u30b9\u30c8\n\u3059\u3079\u3066\u306e Index \u3092\u8868\u793a\u3057\u307e\u3059\u3002\n\n```sql\naql> SHOW INDEXES\n```\n\n```shell-session\n+--------+---------+-----------+----------+-------+---------------------+---------+------------+-----------+\n| ns     | bin     | indextype | set      | state | indexname           | path    | sync_state | type      |\n+--------+---------+-----------+----------+-------+---------------------+---------+------------+-----------+\n| \"test\" | \"Price\" | \"NONE\"    | \"fruits\" | \"RW\"  | \"fruit_price_index\" | \"Price\" | \"synced\"   | \"NUMERIC\" |\n| \"test\" | \"Name\"  | \"NONE\"    | \"fruits\" | \"RW\"  | \"fruit_name_index\"  | \"Name\"  | \"synced\"   | \"STRING\"  |\n+--------+---------+-----------+----------+-------+---------------------+---------+------------+-----------+\n2 rows in set (0.000 secs)\nOK\n```\n\n## \u53c2\u8003\n[Aerospike Tools & Utilities - Aerospike Query Language](http://www.aerospike.com/docs/tools/aql/)\n", "tags": ["Aerospike"]}