{"context": " More than 1 year has passed since last update.MariaDB10\u306fMySQL5.5\u3092\u30d9\u30fc\u30b9\u306b5.6\u306e\u6a5f\u80fd\u3092\u30d0\u30c3\u30af\u30dd\u30fc\u30c8+\u72ec\u81ea\u6a5f\u80fd\u5b9f\u88c5\u3092\u3057\u3066\u3044\u308b\u306e\u3067\n\u57fa\u672c\u7684\u306bMySQL5.5\u3067\u4f7f\u7528\u3067\u304d\u308b\u5b9a\u7fa9\u30d5\u30a1\u30a4\u30eb\u3001\u30c7\u30fc\u30bf\u306f\u305d\u306e\u307e\u307e\u6d41\u3057\u8fbc\u3081\u308b\u3002\n(MySQL5.6\u4ee5\u964d\u306eDB\u30c7\u30fc\u30bf\u3092\u6d41\u3057\u8fbc\u3080\u5834\u5408\u3067\u30825.6\u4ee5\u964d\u306e\u65b0\u898f\u30aa\u30d7\u30b7\u30e7\u30f3\u3092\u53d6\u308a\u9664\u3051\u3070\u5b9a\u7fa9\u3082\u554f\u984c\u306a\u304f\u6d41\u3057\u8fbc\u3081\u308b\u306f\u305a)\n\u3068\u3044\u3046\u308f\u3051\u3067MySQL\u306e\u30b5\u30f3\u30d7\u30eb\u30c7\u30fc\u30bf\u30d9\u30fc\u30b9sakila\u3092MariaDB10\u306b\u6d41\u3057\u3053\u3093\u3067\u307f\u308b\u3002\nDB: MariaDB10.0.11\nOS: Ubuntu14.04\n\nsakila\u30b5\u30f3\u30d7\u30eb\u30c7\u30fc\u30bf\u30d9\u30fc\u30b9\u306e\u30d5\u30a1\u30a4\u30eb\u3092\u30c0\u30a6\u30f3\u30ed\u30fc\u30c9\nhttp://dev.mysql.com/doc/index-other.html\n\u4e2d\u306b\u306fsakila-data.sql  sakila-schema.sql  sakila.mwb\u306e3\u3064\u304c\u5165\u3063\u3066\u308b\u304c\n\u4eca\u56de\u4f7f\u7528\u3059\u308b\u306e\u306f\u3001sakila-data.sql  sakila-schema.sql\u306e2\u3064\u3002\nmwb\u306fMySQL Workbench\u3067\u4f7f\u7528\u3059\u308b\u30c7\u30fc\u30bf\u306a\u306e\u3067\u4eca\u56de\u306f\u95a2\u4fc2\u7121\u3057\u3002\n\n\u30c7\u30fc\u30bf\u4f5c\u6210\n\u307e\u305a\u306fschema\u306e\u6d41\u3057\u8fbc\u307f\uff08mariadb\u306f\u5358\u306a\u308balias\uff09\n\n$ mariadb -u*** -p*** < sakila-schema.sql\n\n\u3053\u308c\u3067sakila\u30c7\u30fc\u30bf\u30d9\u30fc\u30b9\u3068\u30c6\u30fc\u30d6\u30eb\u304c\u4f5c\u6210\u3055\u308c\u308b\u3002\n\u3053\u306e\u6642\u70b9\u3067\u306f\u30c7\u30fc\u30bf\u306f\u6d41\u3057\u3053\u3093\u3067\u3044\u306a\u3044\u306e\u3067\u3069\u306e\u30c6\u30fc\u30d6\u30eb\u3082\u7a7a\u3002\nMariaDB [(none)]> use sakila;\nDatabase changed\nMariaDB [sakila]> show tables;\n+----------------------------+\n| Tables_in_sakila           |\n+----------------------------+\n| actor                      |\n| actor_info                 |\n| address                    |\n| category                   |\n| city                       |\n| country                    |\n| customer                   |\n| customer_list              |\n| film                       |\n| film_actor                 |\n| film_category              |\n| film_list                  |\n| film_text                  |\n| inventory                  |\n| language                   |\n| nicer_but_slower_film_list |\n| payment                    |\n| rental                     |\n| sales_by_film_category     |\n| sales_by_store             |\n| staff                      |\n| staff_list                 |\n| store                      |\n+----------------------------+\n23 rows in set (0.00 sec)\n\nMariaDB [sakila]> select table_schema, table_name, table_rows from information_schema.tables where table_schema = 'sakila';\n+--------------+----------------------------+------------+\n| table_schema | table_name                 | table_rows |\n+--------------+----------------------------+------------+\n| sakila       | actor                      |          0 |\n| sakila       | actor_info                 |       NULL |\n| sakila       | address                    |          0 |\n| sakila       | category                   |          0 |\n| sakila       | city                       |          0 |\n| sakila       | country                    |          0 |\n| sakila       | customer                   |          0 |\n| sakila       | customer_list              |       NULL |\n| sakila       | film                       |          0 |\n| sakila       | film_actor                 |          0 |\n| sakila       | film_category              |          0 |\n| sakila       | film_list                  |       NULL |\n| sakila       | film_text                  |          0 |\n| sakila       | inventory                  |          0 |\n| sakila       | language                   |          0 |\n| sakila       | nicer_but_slower_film_list |       NULL |\n| sakila       | payment                    |          0 |\n| sakila       | rental                     |          0 |\n| sakila       | sales_by_film_category     |       NULL |\n| sakila       | sales_by_store             |       NULL |\n| sakila       | staff                      |          0 |\n| sakila       | staff_list                 |       NULL |\n| sakila       | store                      |          0 |\n+--------------+----------------------------+------------+\n23 rows in set (0.01 sec)\n\n\u30c7\u30fc\u30bf\u306esql\u30d5\u30a1\u30a4\u30eb\u3092\u6d41\u3057\u3053\u3081\u3070\u5b8c\u4e86\u3002\n\u30c7\u30fc\u30bf\u304c\u5165\u3063\u3066\u3044\u308b\u3053\u3068\u304c\u78ba\u8a8d\u3067\u304d\u308b\u3002\n$ mariadb -u*** -p**** -Dsakila < sakila-data.sql\n\nMariaDB [sakila]> select table_schema, table_name, table_rows from information_schema.tables where table_schema = 'sakila';\n+--------------+----------------------------+------------+\n| table_schema | table_name                 | table_rows |\n+--------------+----------------------------+------------+\n| sakila       | actor                      |        200 |\n| sakila       | actor_info                 |       NULL |\n| sakila       | address                    |        603 |\n| sakila       | category                   |         16 |\n| sakila       | city                       |        600 |\n| sakila       | country                    |        109 |\n| sakila       | customer                   |        599 |\n| sakila       | customer_list              |       NULL |\n| sakila       | film                       |       1000 |\n| sakila       | film_actor                 |       5462 |\n| sakila       | film_category              |       1000 |\n| sakila       | film_list                  |       NULL |\n| sakila       | film_text                  |       1000 |\n| sakila       | inventory                  |       4581 |\n| sakila       | language                   |          6 |\n| sakila       | nicer_but_slower_film_list |       NULL |\n| sakila       | payment                    |      15991 |\n| sakila       | rental                     |      15841 |\n| sakila       | sales_by_film_category     |       NULL |\n| sakila       | sales_by_store             |       NULL |\n| sakila       | staff                      |          2 |\n| sakila       | staff_list                 |       NULL |\n| sakila       | store                      |          2 |\n+--------------+----------------------------+------------+\n23 rows in set (0.01 sec)\n\nMariaDB10\u306fMySQL5.5\u3092\u30d9\u30fc\u30b9\u306b5.6\u306e\u6a5f\u80fd\u3092\u30d0\u30c3\u30af\u30dd\u30fc\u30c8+\u72ec\u81ea\u6a5f\u80fd\u5b9f\u88c5\u3092\u3057\u3066\u3044\u308b\u306e\u3067\n\u57fa\u672c\u7684\u306bMySQL5.5\u3067\u4f7f\u7528\u3067\u304d\u308b\u5b9a\u7fa9\u30d5\u30a1\u30a4\u30eb\u3001\u30c7\u30fc\u30bf\u306f\u305d\u306e\u307e\u307e\u6d41\u3057\u8fbc\u3081\u308b\u3002\n(MySQL5.6\u4ee5\u964d\u306eDB\u30c7\u30fc\u30bf\u3092\u6d41\u3057\u8fbc\u3080\u5834\u5408\u3067\u30825.6\u4ee5\u964d\u306e\u65b0\u898f\u30aa\u30d7\u30b7\u30e7\u30f3\u3092\u53d6\u308a\u9664\u3051\u3070\u5b9a\u7fa9\u3082\u554f\u984c\u306a\u304f\u6d41\u3057\u8fbc\u3081\u308b\u306f\u305a)\n\n\u3068\u3044\u3046\u308f\u3051\u3067MySQL\u306e\u30b5\u30f3\u30d7\u30eb\u30c7\u30fc\u30bf\u30d9\u30fc\u30b9sakila\u3092MariaDB10\u306b\u6d41\u3057\u3053\u3093\u3067\u307f\u308b\u3002\n\nDB: MariaDB10.0.11\nOS: Ubuntu14.04\n\n##sakila\u30b5\u30f3\u30d7\u30eb\u30c7\u30fc\u30bf\u30d9\u30fc\u30b9\u306e\u30d5\u30a1\u30a4\u30eb\u3092\u30c0\u30a6\u30f3\u30ed\u30fc\u30c9\nhttp://dev.mysql.com/doc/index-other.html\n\n\u4e2d\u306b\u306fsakila-data.sql  sakila-schema.sql  sakila.mwb\u306e3\u3064\u304c\u5165\u3063\u3066\u308b\u304c\n\u4eca\u56de\u4f7f\u7528\u3059\u308b\u306e\u306f\u3001sakila-data.sql  sakila-schema.sql\u306e2\u3064\u3002\nmwb\u306fMySQL Workbench\u3067\u4f7f\u7528\u3059\u308b\u30c7\u30fc\u30bf\u306a\u306e\u3067\u4eca\u56de\u306f\u95a2\u4fc2\u7121\u3057\u3002\n\n##\u30c7\u30fc\u30bf\u4f5c\u6210\n\u307e\u305a\u306fschema\u306e\u6d41\u3057\u8fbc\u307f\uff08mariadb\u306f\u5358\u306a\u308balias\uff09\n```\n$ mariadb -u*** -p*** < sakila-schema.sql\n```\n\n\u3053\u308c\u3067sakila\u30c7\u30fc\u30bf\u30d9\u30fc\u30b9\u3068\u30c6\u30fc\u30d6\u30eb\u304c\u4f5c\u6210\u3055\u308c\u308b\u3002\n\u3053\u306e\u6642\u70b9\u3067\u306f\u30c7\u30fc\u30bf\u306f\u6d41\u3057\u3053\u3093\u3067\u3044\u306a\u3044\u306e\u3067\u3069\u306e\u30c6\u30fc\u30d6\u30eb\u3082\u7a7a\u3002\n\n```\nMariaDB [(none)]> use sakila;\nDatabase changed\nMariaDB [sakila]> show tables;\n+----------------------------+\n| Tables_in_sakila           |\n+----------------------------+\n| actor                      |\n| actor_info                 |\n| address                    |\n| category                   |\n| city                       |\n| country                    |\n| customer                   |\n| customer_list              |\n| film                       |\n| film_actor                 |\n| film_category              |\n| film_list                  |\n| film_text                  |\n| inventory                  |\n| language                   |\n| nicer_but_slower_film_list |\n| payment                    |\n| rental                     |\n| sales_by_film_category     |\n| sales_by_store             |\n| staff                      |\n| staff_list                 |\n| store                      |\n+----------------------------+\n23 rows in set (0.00 sec)\n\nMariaDB [sakila]> select table_schema, table_name, table_rows from information_schema.tables where table_schema = 'sakila';\n+--------------+----------------------------+------------+\n| table_schema | table_name                 | table_rows |\n+--------------+----------------------------+------------+\n| sakila       | actor                      |          0 |\n| sakila       | actor_info                 |       NULL |\n| sakila       | address                    |          0 |\n| sakila       | category                   |          0 |\n| sakila       | city                       |          0 |\n| sakila       | country                    |          0 |\n| sakila       | customer                   |          0 |\n| sakila       | customer_list              |       NULL |\n| sakila       | film                       |          0 |\n| sakila       | film_actor                 |          0 |\n| sakila       | film_category              |          0 |\n| sakila       | film_list                  |       NULL |\n| sakila       | film_text                  |          0 |\n| sakila       | inventory                  |          0 |\n| sakila       | language                   |          0 |\n| sakila       | nicer_but_slower_film_list |       NULL |\n| sakila       | payment                    |          0 |\n| sakila       | rental                     |          0 |\n| sakila       | sales_by_film_category     |       NULL |\n| sakila       | sales_by_store             |       NULL |\n| sakila       | staff                      |          0 |\n| sakila       | staff_list                 |       NULL |\n| sakila       | store                      |          0 |\n+--------------+----------------------------+------------+\n23 rows in set (0.01 sec)\n```\n\n\u30c7\u30fc\u30bf\u306esql\u30d5\u30a1\u30a4\u30eb\u3092\u6d41\u3057\u3053\u3081\u3070\u5b8c\u4e86\u3002\n\u30c7\u30fc\u30bf\u304c\u5165\u3063\u3066\u3044\u308b\u3053\u3068\u304c\u78ba\u8a8d\u3067\u304d\u308b\u3002\n\n```\n$ mariadb -u*** -p**** -Dsakila < sakila-data.sql\n\nMariaDB [sakila]> select table_schema, table_name, table_rows from information_schema.tables where table_schema = 'sakila';\n+--------------+----------------------------+------------+\n| table_schema | table_name                 | table_rows |\n+--------------+----------------------------+------------+\n| sakila       | actor                      |        200 |\n| sakila       | actor_info                 |       NULL |\n| sakila       | address                    |        603 |\n| sakila       | category                   |         16 |\n| sakila       | city                       |        600 |\n| sakila       | country                    |        109 |\n| sakila       | customer                   |        599 |\n| sakila       | customer_list              |       NULL |\n| sakila       | film                       |       1000 |\n| sakila       | film_actor                 |       5462 |\n| sakila       | film_category              |       1000 |\n| sakila       | film_list                  |       NULL |\n| sakila       | film_text                  |       1000 |\n| sakila       | inventory                  |       4581 |\n| sakila       | language                   |          6 |\n| sakila       | nicer_but_slower_film_list |       NULL |\n| sakila       | payment                    |      15991 |\n| sakila       | rental                     |      15841 |\n| sakila       | sales_by_film_category     |       NULL |\n| sakila       | sales_by_store             |       NULL |\n| sakila       | staff                      |          2 |\n| sakila       | staff_list                 |       NULL |\n| sakila       | store                      |          2 |\n+--------------+----------------------------+------------+\n23 rows in set (0.01 sec)\n```\n", "tags": ["mariadb", "MySQL", "Database"]}