{"tags": ["laravel4"], "context": " \u3053\u306e\u8a18\u4e8b\u306f\u6700\u7d42\u66f4\u65b0\u65e5\u304b\u30891\u5e74\u4ee5\u4e0a\u304c\u7d4c\u904e\u3057\u3066\u3044\u307e\u3059\u3002\u4e0b\u8a18\u306e\u3088\u3046\u306a\u30c6\u30fc\u30d6\u30eb\u304c\u3042\u308b\u3068\u3059\u308b\u3002\nmysql> desc company_basic_info;\n+---------------+------------------+------+-----+---------+----------------+\n| Field         | Type             | Null | Key | Default | Extra          |\n+---------------+------------------+------+-----+---------+----------------+\n| id            | int(10) unsigned | NO   | PRI | NULL    | auto_increment |\n| name          | varchar(255)     | NO   | UNI | NULL    |                |\n| kana          | varchar(255)     | NO   | UNI | NULL    |                |\n| tel           | varchar(40)      | NO   | UNI | NULL    |                |\n| fax           | varchar(40)      | NO   | UNI | NULL    |                |\n| address       | varchar(255)     | NO   | UNI | NULL    |                |\n| url           | varchar(255)     | NO   | UNI | NULL    |                |\n| establishment | date             | NO   |     | NULL    |                |\n| capital       | int(11)          | NO   |     | NULL    |                |\n+---------------+------------------+------+-----+---------+----------------+\n9 rows in set (0.00 sec)\n\n\u3053\u306e\u30c6\u30fc\u30d6\u30eb\u306b\u5024\u3092\u30a4\u30f3\u30b5\u30fc\u30c8\u3057\u305f\u3044\u3002\u305d\u306e\u5834\u5408\u306f\u3001\u30b3\u30f3\u30c8\u30ed\u30fc\u30e9\u306b\u4e0b\u8a18\u30e1\u30bd\u30c3\u30c9\u3092\u5b9f\u88c5\u3059\u308b\u3002\npublic function store(){\n    DB::table('company_basic_info')->insert([\n            'name'=>'\u30b5\u30f3\u30d7\u30eb\u682a\u5f0f\u4f1a\u793e',\n            'kana'=>'\u3055\u3093\u3077\u308b\u304b\u3076\u3057\u304d\u304c\u3044\u3057\u3083',\n            'tel'=>'0120-1234-5678',\n            'fax'=>'0120-9876-5432',\n            'address'=>'\u6771\u4eac\u90fd\u54c1\u5ddd\u533a',\n            'url'=>'http://www.sample.co.jp',\n            'establishment'=>'2001-12-24',\n            'capital'=> 3000000\n    ]);\n    return Redirect::to('/');\n}\n\n\u3042\u3068\u306f routes.php \u306b\u3066\u3001\u4e0b\u8a18\u306e\u3088\u3046\u306b\u8a2d\u5b9a\u3057\u3066\u547c\u3073\u51fa\u305b\u3070\u3088\u3044\u3002\nRoute::get('hoge/', 'HogeController@store');\n\nhttp://localhost/hoge\n\u306b\u30a2\u30af\u30bb\u30b9\u3059\u308b\u3068\u3001company_basic_info \u306b\u5024\u304c\u30a4\u30f3\u30b5\u30fc\u30c8\u3055\u308c\u308b\u3002\nmysql> select * from company_basic_info where id = 5;\n+----+--------------------------+--------------------------------------+----------------+----------------+--------------------+-------------------------+---------------+---------+\n| id | name                     | kana                                 | tel            | fax            | address            | url                     | establishment | capital |\n+----+--------------------------+--------------------------------------+----------------+----------------+--------------------+-------------------------+---------------+---------+\n|  5 | \u30b5\u30f3\u30d7\u30eb\u682a\u5f0f\u4f1a\u793e         | \u3055\u3093\u3077\u308b\u304b\u3076\u3057\u304d\u304c\u3044\u3057\u3083             | 0120-1234-5678 | 0120-9876-5432 | \u6771\u4eac\u90fd\u54c1\u5ddd\u533a       | http://www.sample.co.jp | 2001-12-24    | 3000000 |\n+----+--------------------------+--------------------------------------+----------------+----------------+--------------------+-------------------------+---------------+---------+\n1 row in set (0.00 sec)\n\n\u4e0b\u8a18\u306e\u3088\u3046\u306a\u30c6\u30fc\u30d6\u30eb\u304c\u3042\u308b\u3068\u3059\u308b\u3002\n\n    mysql> desc company_basic_info;\n    +---------------+------------------+------+-----+---------+----------------+\n    | Field         | Type             | Null | Key | Default | Extra          |\n    +---------------+------------------+------+-----+---------+----------------+\n    | id            | int(10) unsigned | NO   | PRI | NULL    | auto_increment |\n    | name          | varchar(255)     | NO   | UNI | NULL    |                |\n    | kana          | varchar(255)     | NO   | UNI | NULL    |                |\n    | tel           | varchar(40)      | NO   | UNI | NULL    |                |\n    | fax           | varchar(40)      | NO   | UNI | NULL    |                |\n    | address       | varchar(255)     | NO   | UNI | NULL    |                |\n    | url           | varchar(255)     | NO   | UNI | NULL    |                |\n    | establishment | date             | NO   |     | NULL    |                |\n    | capital       | int(11)          | NO   |     | NULL    |                |\n    +---------------+------------------+------+-----+---------+----------------+\n    9 rows in set (0.00 sec)\n\n\u3053\u306e\u30c6\u30fc\u30d6\u30eb\u306b\u5024\u3092\u30a4\u30f3\u30b5\u30fc\u30c8\u3057\u305f\u3044\u3002\u305d\u306e\u5834\u5408\u306f\u3001\u30b3\u30f3\u30c8\u30ed\u30fc\u30e9\u306b\u4e0b\u8a18\u30e1\u30bd\u30c3\u30c9\u3092\u5b9f\u88c5\u3059\u308b\u3002\n\n    public function store(){\n        DB::table('company_basic_info')->insert([\n                'name'=>'\u30b5\u30f3\u30d7\u30eb\u682a\u5f0f\u4f1a\u793e',\n                'kana'=>'\u3055\u3093\u3077\u308b\u304b\u3076\u3057\u304d\u304c\u3044\u3057\u3083',\n                'tel'=>'0120-1234-5678',\n                'fax'=>'0120-9876-5432',\n                'address'=>'\u6771\u4eac\u90fd\u54c1\u5ddd\u533a',\n                'url'=>'http://www.sample.co.jp',\n                'establishment'=>'2001-12-24',\n                'capital'=> 3000000\n        ]);\n        return Redirect::to('/');\n    }\n\n\u3042\u3068\u306f routes.php \u306b\u3066\u3001\u4e0b\u8a18\u306e\u3088\u3046\u306b\u8a2d\u5b9a\u3057\u3066\u547c\u3073\u51fa\u305b\u3070\u3088\u3044\u3002\n\n    Route::get('hoge/', 'HogeController@store');\n\nhttp://localhost/hoge\n\n\u306b\u30a2\u30af\u30bb\u30b9\u3059\u308b\u3068\u3001company_basic_info \u306b\u5024\u304c\u30a4\u30f3\u30b5\u30fc\u30c8\u3055\u308c\u308b\u3002\n\n    mysql> select * from company_basic_info where id = 5;\n    +----+--------------------------+--------------------------------------+----------------+----------------+--------------------+-------------------------+---------------+---------+\n    | id | name                     | kana                                 | tel            | fax            | address            | url                     | establishment | capital |\n    +----+--------------------------+--------------------------------------+----------------+----------------+--------------------+-------------------------+---------------+---------+\n    |  5 | \u30b5\u30f3\u30d7\u30eb\u682a\u5f0f\u4f1a\u793e         | \u3055\u3093\u3077\u308b\u304b\u3076\u3057\u304d\u304c\u3044\u3057\u3083             | 0120-1234-5678 | 0120-9876-5432 | \u6771\u4eac\u90fd\u54c1\u5ddd\u533a       | http://www.sample.co.jp | 2001-12-24    | 3000000 |\n    +----+--------------------------+--------------------------------------+----------------+----------------+--------------------+-------------------------+---------------+---------+\n    1 row in set (0.00 sec)\n"}