{"tags": ["laravel4"], "context": " More than 1 year has passed since last update.\u4e0b\u8a18\u306e\u30c6\u30fc\u30d6\u30eb\u304c\u3042\u308b\u3068\u3059\u308b\u3002\nmysql> select id,name from company_basic_info order by id;\n+----+--------+\n| id | name   |\n+----+--------+\n|  1 | TOYOTA |\n|  3 | NISSAN |\n|  4 | HONDA  |\n|  5 | MAZDA  |\n+----+--------+\n4 rows in set (0.00 sec)\n\n\u3053\u3053\u3067\u3001id=4 \u306e\u30ec\u30b3\u30fc\u30c9\u3001\u3064\u307e\u308a HONDA \u3092\u66f4\u65b0\u3057\u305f\u3044\u5834\u5408\u306f\u3001\n\u4e0b\u8a18\u306e\u3088\u3046\u306b\u5b9f\u88c5\u3059\u308b\u3002\nDB::table('company_basic_info')->where('id',4)->update(array('name'=>'\u30db\u30f3\u30c0'));\n\n\u4e0a\u8a18\u3092\u5b9f\u884c\u3059\u308b\u3068\u3001\u30c6\u30fc\u30d6\u30eb\u306e\u5185\u5bb9\u306f\u4e0b\u8a18\u306b\u66f8\u304d\u63db\u308f\u308b\u3002\nmysql> select id,name from company_basic_info order by id;\n+----+-----------+\n| id | name      |\n+----+-----------+\n|  1 | TOYOTA    |\n|  3 | NISSAN    |\n|  4 | \u30db\u30f3\u30c0    |\n|  5 | MAZDA     |\n+----+-----------+\n4 rows in set (0.00 sec)\n\n\u4e0b\u8a18\u306e\u30c6\u30fc\u30d6\u30eb\u304c\u3042\u308b\u3068\u3059\u308b\u3002\n\n    mysql> select id,name from company_basic_info order by id;\n    +----+--------+\n    | id | name   |\n    +----+--------+\n    |  1 | TOYOTA |\n    |  3 | NISSAN |\n    |  4 | HONDA  |\n    |  5 | MAZDA  |\n    +----+--------+\n    4 rows in set (0.00 sec)\n\n\u3053\u3053\u3067\u3001id=4 \u306e\u30ec\u30b3\u30fc\u30c9\u3001\u3064\u307e\u308a HONDA \u3092\u66f4\u65b0\u3057\u305f\u3044\u5834\u5408\u306f\u3001\n\u4e0b\u8a18\u306e\u3088\u3046\u306b\u5b9f\u88c5\u3059\u308b\u3002\n\n    DB::table('company_basic_info')->where('id',4)->update(array('name'=>'\u30db\u30f3\u30c0'));\n\n\u4e0a\u8a18\u3092\u5b9f\u884c\u3059\u308b\u3068\u3001\u30c6\u30fc\u30d6\u30eb\u306e\u5185\u5bb9\u306f\u4e0b\u8a18\u306b\u66f8\u304d\u63db\u308f\u308b\u3002\n\n    mysql> select id,name from company_basic_info order by id;\n    +----+-----------+\n    | id | name      |\n    +----+-----------+\n    |  1 | TOYOTA    |\n    |  3 | NISSAN    |\n    |  4 | \u30db\u30f3\u30c0    |\n    |  5 | MAZDA     |\n    +----+-----------+\n    4 rows in set (0.00 sec)\n"}