{"context": " More than 1 year has passed since last update.MySQL\u306b\u306fOracle\u306a\u3093\u304b\u3068\u9055\u3063\u3066ROW_NUMBER\u95a2\u6570\u304c\u306a\u3044\u306e\u3067\u3001\u30e6\u30fc\u30b6\u5909\u6570\u3092\u4f7f\u3063\u3066\u632f\u3063\u3066\u3084\u308b\u5fc5\u8981\u304c\u3042\u308b\u3002\n\u4fbf\u5229\u306a\u306e\u3067\u30e1\u30e2\u3002\n\n\u666e\u901a\u306bSELECT\u3057\u305f\u7d50\u679c\u3002\nmysql> SELECT TABLE_NAME FROM information_schema.TABLES LIMIT 10;\n+---------------------------------------+\n| TABLE_NAME                            |\n+---------------------------------------+\n| CHARACTER_SETS                        |\n| COLLATIONS                            |\n| COLLATION_CHARACTER_SET_APPLICABILITY |\n| COLUMNS                               |\n| COLUMN_PRIVILEGES                     |\n| ENGINES                               |\n| EVENTS                                |\n| FILES                                 |\n| GLOBAL_STATUS                         |\n| GLOBAL_VARIABLES                      |\n+---------------------------------------+\n10 rows in set (0.00 sec)\n\nmysql> \n\n\n\u884c\u756a\u53f7\u3064\u3051\u305f\u7d50\u679c\u3002\nmysql> SET @rownum=0; SELECT @rownum:=@rownum+1 as ROW_NUM, TABLE_NAME FROM information_schema.TABLES LIMIT 10;\nQuery OK, 0 rows affected (0.00 sec)\n\n+---------+---------------------------------------+\n| ROW_NUM | TABLE_NAME                            |\n+---------+---------------------------------------+\n|       1 | CHARACTER_SETS                        |\n|       2 | COLLATIONS                            |\n|       3 | COLLATION_CHARACTER_SET_APPLICABILITY |\n|       4 | COLUMNS                               |\n|       5 | COLUMN_PRIVILEGES                     |\n|       6 | ENGINES                               |\n|       7 | EVENTS                                |\n|       8 | FILES                                 |\n|       9 | GLOBAL_STATUS                         |\n|      10 | GLOBAL_VARIABLES                      |\n+---------+---------------------------------------+\n10 rows in set (0.00 sec)\n\nmysql> \n\nMySQL\u306b\u306fOracle\u306a\u3093\u304b\u3068\u9055\u3063\u3066ROW_NUMBER\u95a2\u6570\u304c\u306a\u3044\u306e\u3067\u3001\u30e6\u30fc\u30b6\u5909\u6570\u3092\u4f7f\u3063\u3066\u632f\u3063\u3066\u3084\u308b\u5fc5\u8981\u304c\u3042\u308b\u3002\n\u4fbf\u5229\u306a\u306e\u3067\u30e1\u30e2\u3002\n\n\n### \u666e\u901a\u306bSELECT\u3057\u305f\u7d50\u679c\u3002\n```sql\nmysql> SELECT TABLE_NAME FROM information_schema.TABLES LIMIT 10;\n+---------------------------------------+\n| TABLE_NAME                            |\n+---------------------------------------+\n| CHARACTER_SETS                        |\n| COLLATIONS                            |\n| COLLATION_CHARACTER_SET_APPLICABILITY |\n| COLUMNS                               |\n| COLUMN_PRIVILEGES                     |\n| ENGINES                               |\n| EVENTS                                |\n| FILES                                 |\n| GLOBAL_STATUS                         |\n| GLOBAL_VARIABLES                      |\n+---------------------------------------+\n10 rows in set (0.00 sec)\n\nmysql> \n```\n\n### \u884c\u756a\u53f7\u3064\u3051\u305f\u7d50\u679c\u3002\n```sql\nmysql> SET @rownum=0; SELECT @rownum:=@rownum+1 as ROW_NUM, TABLE_NAME FROM information_schema.TABLES LIMIT 10;\nQuery OK, 0 rows affected (0.00 sec)\n\n+---------+---------------------------------------+\n| ROW_NUM | TABLE_NAME                            |\n+---------+---------------------------------------+\n|       1 | CHARACTER_SETS                        |\n|       2 | COLLATIONS                            |\n|       3 | COLLATION_CHARACTER_SET_APPLICABILITY |\n|       4 | COLUMNS                               |\n|       5 | COLUMN_PRIVILEGES                     |\n|       6 | ENGINES                               |\n|       7 | EVENTS                                |\n|       8 | FILES                                 |\n|       9 | GLOBAL_STATUS                         |\n|      10 | GLOBAL_VARIABLES                      |\n+---------+---------------------------------------+\n10 rows in set (0.00 sec)\n\nmysql> \n```\n\n", "tags": ["MySQL", "mariadb"]}