{"tags": ["mroonga"], "context": " More than 1 year has passed since last update.Groonga Advent Calendar 2015\u306e14\u65e5\u76ee\u306e\u8a18\u4e8b\u3067\u3059\u3002\nMroonga\u3067\u306f\u4ee5\u4e0b\u306e\u3088\u3046\u306bCOMMENT\u306bnormalizer \"NormalizerAuto\"\u306a\u3069\u3068\u66f8\u304f\u3053\u3068\u306b\u3088\u308a\u5168\u6587\u691c\u7d22\u6642\u306b\u5229\u7528\u3059\u308bNormalizer\u3092\u5909\u66f4\u3059\u308b\u3053\u3068\u304c\u3067\u304d\u307e\u3059\u3002\nCREATE TABLE IF NOT EXISTS `tags` (\n  `tag` varchar(255) NOT NULL,\n  `text` varchar(1000) NOT NULL,\n  PRIMARY KEY (`tag`),\n  FULLTEXT KEY `text` (`text`) COMMENT 'normalizer \"NormalizerAuto\"'\n) ENGINE=Mroonga DEFAULT CHARSET=utf8;\n\n\u3053\u306e\u3088\u3046\u306b\u3059\u308b\u3053\u3068\u3067\u305f\u3068\u3048\u3070\u3351\u3092\u30ea\u30c3\u30c8\u30eb\u3067\u5168\u6587\u691c\u7d22\u3067\u304d\u307e\u3059\u3002\nmysql> INSERT INTO tags VALUES(\"Hoge\", \"\u3351\");\nQuery OK, 1 row affected (0.00 sec)\n\nmysql> SELECT * FROM tags WHERE MATCH(text) AGAINST(\"\u30ea\u30c3\u30c8\u30eb\" IN BOOLEAN MODE);\n+------+------+\n| tag  | text |\n+------+------+\n| Hoge | \u3351  |\n+------+------+\n1 row in set (0.00 sec)\n\n\u3057\u304b\u3057\u30012015/11/29\u30ea\u30ea\u30fc\u30b9Mroonga5.10\u6642\u70b9\u3067\u306f\u3001\u5168\u6587\u691c\u7d22\u4ee5\u5916\u306e\u4e00\u81f4\u691c\u7d22\u306b\u306f\u901a\u5e38\u306e\u7167\u5408\u9806\u5e8f\u304c\u4f7f\u308f\u308c\u307e\u3059\u3002\u30c7\u30d5\u30a9\u30eb\u30c8\u3060\u3068utf8_general_ci\u304c\u4f7f\u308f\u308c\u307e\u3059\u3002\nmysql> SELECT * FROM tags WHERE text = \"\u30ea\u30c3\u30c8\u30eb\";\nEmpty set (0.00 sec)\n\nmysql> SELECT * FROM tags WHERE text = \"\u3351\";\n+------+------+\n| tag  | text |\n+------+------+\n| Hoge | \u3351  |\n+------+------+\n1 row in set (0.00 sec)\n\n\u3053\u308c\u3067\u306f\u3061\u3050\u306f\u3050\u3067\u3059\u306d\u3002\u305d\u306e\u3046\u3061\u3001\u306a\u3093\u3068\u304b\u3057\u305f\u3044\u3067\u3059\u3002\n\n\u89e3\u6c7a\u7de8\nMroonga\u3067\u5168\u6587\u691c\u7d22\u4ee5\u5916\u3067Groonga\u306e\u30ce\u30fc\u30de\u30e9\u30a4\u30b6\u30fc\u3092\u4f7f\u3046\u65b9\u6cd5\n[Groonga Advent Calendar 2015](http://qiita.com/advent-calendar/2015/groonga)\u306e14\u65e5\u76ee\u306e\u8a18\u4e8b\u3067\u3059\u3002\n\nMroonga\u3067\u306f\u4ee5\u4e0b\u306e\u3088\u3046\u306bCOMMENT\u306bnormalizer \"NormalizerAuto\"\u306a\u3069\u3068\u66f8\u304f\u3053\u3068\u306b\u3088\u308a\u5168\u6587\u691c\u7d22\u6642\u306b\u5229\u7528\u3059\u308bNormalizer\u3092\u5909\u66f4\u3059\u308b\u3053\u3068\u304c\u3067\u304d\u307e\u3059\u3002\n\n```sql\nCREATE TABLE IF NOT EXISTS `tags` (\n  `tag` varchar(255) NOT NULL,\n  `text` varchar(1000) NOT NULL,\n  PRIMARY KEY (`tag`),\n  FULLTEXT KEY `text` (`text`) COMMENT 'normalizer \"NormalizerAuto\"'\n) ENGINE=Mroonga DEFAULT CHARSET=utf8;\n```\n\n\u3053\u306e\u3088\u3046\u306b\u3059\u308b\u3053\u3068\u3067\u305f\u3068\u3048\u3070\u3351\u3092\u30ea\u30c3\u30c8\u30eb\u3067\u5168\u6587\u691c\u7d22\u3067\u304d\u307e\u3059\u3002\n\n```sql\nmysql> INSERT INTO tags VALUES(\"Hoge\", \"\u3351\");\nQuery OK, 1 row affected (0.00 sec)\n\nmysql> SELECT * FROM tags WHERE MATCH(text) AGAINST(\"\u30ea\u30c3\u30c8\u30eb\" IN BOOLEAN MODE);\n+------+------+\n| tag  | text |\n+------+------+\n| Hoge | \u3351  |\n+------+------+\n1 row in set (0.00 sec)\n```\n\n\u3057\u304b\u3057\u30012015/11/29\u30ea\u30ea\u30fc\u30b9Mroonga5.10\u6642\u70b9\u3067\u306f\u3001\u5168\u6587\u691c\u7d22\u4ee5\u5916\u306e\u4e00\u81f4\u691c\u7d22\u306b\u306f\u901a\u5e38\u306e\u7167\u5408\u9806\u5e8f\u304c\u4f7f\u308f\u308c\u307e\u3059\u3002\u30c7\u30d5\u30a9\u30eb\u30c8\u3060\u3068utf8_general_ci\u304c\u4f7f\u308f\u308c\u307e\u3059\u3002\n\n```sql\nmysql> SELECT * FROM tags WHERE text = \"\u30ea\u30c3\u30c8\u30eb\";\nEmpty set (0.00 sec)\n\nmysql> SELECT * FROM tags WHERE text = \"\u3351\";\n+------+------+\n| tag  | text |\n+------+------+\n| Hoge | \u3351  |\n+------+------+\n1 row in set (0.00 sec)\n```\n\n\u3053\u308c\u3067\u306f\u3061\u3050\u306f\u3050\u3067\u3059\u306d\u3002\u305d\u306e\u3046\u3061\u3001\u306a\u3093\u3068\u304b\u3057\u305f\u3044\u3067\u3059\u3002\n\n### \u89e3\u6c7a\u7de8\n\n[Mroonga\u3067\u5168\u6587\u691c\u7d22\u4ee5\u5916\u3067Groonga\u306e\u30ce\u30fc\u30de\u30e9\u30a4\u30b6\u30fc\u3092\u4f7f\u3046\u65b9\u6cd5](http://qiita.com/naoa/items/63e0aa295395a28cd08f)\n"}