{"tags": ["MySQL", "MySQL5.0", "MySQL5.5", "mysql5.6", "SQL"], "context": " More than 1 year has passed since last update.MySQL5.0\u3067\u52d5\u3044\u3066\u3044\u305f\u30b7\u30b9\u30c6\u30e0\u3092\u3001MySQL5.6\u306b\u30d0\u30fc\u30b8\u30e7\u30f3\u30a2\u30c3\u30d7\u3057\u305f\u6642\u306b\u3001\nMySQL\u306e\u4e92\u63db\u6027\u306e\u7121\u3044\u4ed5\u69d8\u5909\u66f4\u306b\u4f34\u3046\u30af\u30a8\u30ea\u306e\u4fee\u6b63\u304c\u5927\u91cf\u306b\u3042\u3063\u305f\u306e\u3067\u3001\u307e\u3068\u3081\u305f\u3002\n\n\u554f\u984c\uff11\uff1aunsigned int \u306b\u8ca0\u306e\u5024\u304c\u5165\u3063\u305f\u6642\u306e\u3001\u30a2\u30f3\u30c0\u30fc\u30d5\u30ed\u30fc\u306e\u4ed5\u69d8\u5909\u66f4\nMySQL5.5 \u304b\u3089\u4ed5\u69d8\u5909\u66f4\u3055\u308c\u305f\u3002\n\u691c\u8a3c\u30c6\u30fc\u30d6\u30eb\nmysql\nCREATE TABLE peki_unsigned_int (count int(11) unsigned) ENGINE=InnoDB DEFAULT CHARSET=utf8;\n\n\nMySQL5.5\n> set @@sql_mode = '';\n\n> insert into peki_unsigned_int(count) values (0);\nQuery OK, 1 row affected (0.00 sec)\n\n> update peki_unsigned_int set count = count - 1;\nQuery OK, 1 row affected, 1 warning (0.00 sec)\nRows matched: 1  Changed: 1  Warnings: 1\nWarning (Code 1264): Out of range value adjusted for column 'count' at row 1\n\n> select * from peki_unsigned_int;\n+------------+\n| count      |\n+------------+\n| 4294967295 |\n+------------+\n1 row in set (0.00 sec)\n\n> select cast(0 as unsigned) - 1;\n+-------------------------+\n| cast(0 as unsigned - 1 |\n+-------------------------+\n|    18446744073709551615 |\n+-------------------------+\n1 row in set (0.01 sec)\n\n\nmysql5.5\u3067\u306f\u6210\u529f\u3002\u3000\u4f46\u3057\u3001-1\u3067\u306f\u306a\u304f\u3001\u30aa\u30fc\u30d0\u30fc\u30d5\u30ed\u30fc\u3057\u30664294967295\u3002 \n\nMySQL5.6\n> set @@sql_mode = '';\n\n> insert into peki_unsigned_int(count) values (0);\nQuery OK, 1 row affected (0.01 sec)\n\n> update peki_unsigned_int set count = count - 1;\nERROR 1690 (22003): BIGINT UNSIGNED value is out of range in '(`db`.`peki_unsigned_int`.`count` - 1)'\n\n> select cast(0 as unsigned) - 1;\nERROR 1690 (22003): BIGINT UNSIGNED value is out of range in '(cast(0 as unsigned) - 1)'\n\n> select cast(18446744073709551615 as unsigned) +1;\nERROR 1690 (22003): BIGINT UNSIGNED value is out of range in '(cast(18446744073709551615 as unsigned) + 1)'\n\n\n=> MySQL5.6\u3067\u306f\u3001\u30a8\u30e9\u30fc\u3002\n\n\u5bfe\u7b56\u65b9\u6cd5\uff11:set sql_mode = 'NO_UNSIGNED_SUBTRACTION';\nMySQL5.5 MySQL5.6 \u5171\u306b\u3001\n> set sql_mode = 'NO_UNSIGNED_SUBTRACTION';\n\n> insert into peki_unsigned_int(count) values (0);\n\n> update peki_unsigned_int set count = count - 1;\nQuery OK, 0 rows affected, 1 warning (0.00 sec)\nRows matched: 1  Changed: 0  Warnings: 1\nWarning (Code 1264): Out of range value adjusted for column 'count' at row 1\n\n> select * from peki_unsigned_int;\n+-------+\n| count |\n+-------+\n|     0 |\n+-------+\n1 row in set (0.00 sec)\n\n\u7247\u65b9\u306f\u30a2\u30f3\u30c0\u30fc\u30d5\u30ed\u30fc\u3001\u7247\u65b9\u306f\u30a8\u30e9\u30fc\u306b\u306a\u3063\u3066\u3044\u305f\u306e\u304c\u3001\u4e21\u65b90\u3068\u306a\u308a\u3001\u4e92\u63db\u6027\u304c\u4fdd\u305f\u308c\u305f\u3002\n\uff08\u305d\u3082\u305d\u3082\u30a2\u30f3\u30c0\u30fc\u30d5\u30ed\u30fc\u3057\u3066\u308b\u306e\u304c\u304a\u304b\u3057\u3044\u3068\u3044\u3046\u30c4\u30c3\u30b3\u30df\u306f\u7121\u3057\u3067\u3002\uff09\n\n\u5bfe\u7b56\u65b9\u6cd5\uff12\uff1asigned\u306bcast\u3059\u308b\n\u65b0\u898f\u3067\u30b3\u30fc\u30c9\u3092\u66f8\u304f\u306a\u3089\u3001\u8a08\u7b97\u9014\u4e2d\u3067cast(*** as signed)\u3067\u30ad\u30e3\u30b9\u30c8\u3059\u308c\u3070\u3001\u3053\u306e\u554f\u984c\u306f\u89e3\u6c7a\u3059\u308b\u3002\n\u3063\u3066\u304b\u3001\u65b0\u3057\u304f\u30b3\u30fc\u30c9\u66f8\u304f\u306a\u3089sql_mode\u3068\u304b\u8003\u3048\u305a\u306b\u3001\u30ad\u30e3\u30b9\u30c8\u3059\u308c\u3002\n\n\u89e3\u6c7a\u51fa\u6765\u306a\u3044\u554f\u984c\nBIG INT\u306eunsigned\u306e\u8db3\u3057\u7b97\u306b\u3088\u308b\u30aa\u30fc\u30d0\u30fc\u30d5\u30ed\u30fc\u306fMySQL5.1\u304b\u3089\u4ed5\u69d8\u5909\u66f4\u3055\u308c\u305f\u3002\n\u3053\u306e\u554f\u984c\u306fsql_mode = 'NO_UNSIGNED_SUBTRACTION'; \u3067\u306f\u89e3\u6c7a\u3067\u304d\u306a\u3044\u3002\n\u3053\u306eSQL_MODE\u306f\u8a08\u7b97\u306b\u3088\u308b\u30aa\u30fc\u30d0\u30fc\u30d5\u30ed\u30fc\u306f\u8003\u616e\u3057\u3066\u3044\u306a\u3044\u3088\u3046\u3060\u3002\n\nMySQL5.0\n> select cast(18446744073709551626 as unsigned);\n+----------------------------------------+\n| cast(18446744073709551626 as unsigned) |\n+----------------------------------------+\n|                   18446744073709551615 |\n+----------------------------------------+\n1 row in set, 1 warning (0.00 sec)\nError (Code 1292): Truncated incorrect DECIMAL value: ''\n\n> select cast(18446744073709551615+1 as unsigned);\n+-------------------------------------------+\n| cast(18446744073709551615+1 as unsigned) |\n+-------------------------------------------+\n|                                         0 |\n+-------------------------------------------+\n\n\n\uff11\u3064\u76ee\u306e\u30af\u30a8\u30ea\u304c\u30a8\u30e9\u30fc\uff08MySQL5.0\u306e\u30d0\u30b0\u306a\u305d\u3046\u3067\u3059\u3002\uff09\n\uff12\u3064\u76ee\u306e\u30af\u30a8\u30ea\u304c\u30aa\u30fc\u30d0\u30fc\u30d5\u30ed\u30fc\n\nmysql5.1\n> select cast(18446744073709551626 as unsigned);\n+----------------------------------------+\n| cast(18446744073709551626 as unsigned) |\n+----------------------------------------+\n|                   18446744073709551615 |\n+----------------------------------------+\n1 row in set, 1 warning (0.01 sec)\nWarning (Code 1292): Truncated incorrect DECIMAL value: ''\n\n> select cast(18446744073709551615+1 as unsigned);\nERROR 1690 (22003): BIGINT UNSIGNED value is out of range in '(18446744073709551615 + 1)'\n\n\n\uff11\u3064\u76ee\u306e\u30af\u30a8\u30ea\u304c\u30ef\u30fc\u30cb\u30f3\u30b0(\u6570\u5024\u306e\u4e38\u3081\u3089\u308c\u3066\u3044\u308b)\n\uff12\u3064\u76ee\u306e\u30af\u30a8\u30ea\u304cMySQL5.1\u3067\u306f\u30a8\u30e9\u30fc\n\n\u554f\u984c\uff12:\u5916\u90e8\u30ad\u30fc\u5236\u7d04\u3092\u8a2d\u3051\u305f\u89aa\u30c6\u30fc\u30d6\u30eb\u3067truncate\u4e0d\u53ef\u80fd\n\nmysql5.5.6\u306f\u3001\u5b50\u30c6\u30fc\u30d6\u30eb\u306e\u53c2\u7167\u304c\u7121\u3051\u308c\u3070\u89aa\u30c6\u30fc\u30d6\u30eb\u306etruncate\u306f\u53ef\u80fd\nmysql5.6\u306f\u3001\u5b50\u30c6\u30fc\u30d6\u30eb\u306e\u53c2\u7167\u304c\u3042\u308b\u306a\u3044\u306b\u95a2\u308f\u3089\u305a\u3001truncate\u306f\u4e0d\u53ef\u80fd\n\n\u3069\u3046\u3084\u3089\u3001mysql5.5.7\u304b\u3089\u4ed5\u69d8\u304c\u5909\u308f\u3063\u305f\u3089\u3057\u3044\u3002\u3000\u21d2\u3000http://bugs.mysql.com/bug.php?id=58788\n\u691c\u8a3c\u30c6\u30fc\u30d6\u30eb\ncreate table peki_truncate1 (id int, index(id));\ncreate table peki_truncate2 (id3 int, foreign key (id3) references peki_truncate1(id));\n\n\nMySQL5.6\n> select * from peki_truncate_test1;\nEmpty set (0.00 sec)\n\n> select * from peki_truncate_test2;\nEmpty set (0.01 sec)\n\n> truncate peki_truncate_test1;\nERROR 1701 (42000): Cannot truncate a table referenced in a foreign key constraint (`db`.`peki_truncate_test2`, CONSTRAINT `test2_ibfk_1` FOREIGN KEY (`id3`) REFERENCES `db`.`peki_truncate_test1` (`id`))\n\n\n=> \u4f8b\u3048test2\u304b\u3089\u7a7a\u3060\u3063\u305f\u3068\u3057\u3066\u3082\u3001test1\u306b\u5bfe\u3057\u3066truncate\u304cmysql5.6\u3067\u306f\u4e0d\u53ef\u80fd\uff01\n\u3069\u3046\u3057\u3066\u3082mysql5.6\u3067\u5916\u90e8\u30ad\u30fc\u5236\u7d04\u3092\u8a2d\u3051\u305f\u89aa\u30c6\u30fc\u30d6\u30eb\u306b\u5bfe\u3057\u3066truncate\u3092\u3057\u305f\u3051\u308c\u3070\u3001set foreign_key_checks=0;\u3092\u3059\u308c\u3070\u89e3\u6c7a\u3067\u304d\u308b\u3002\n\nMySQL5.6\n> set foreign_key_checks=0;                                                                                                                                                          \nQuery OK, 0 rows affected (0.01 sec)\n\n> truncate peki_truncate1;\nQuery OK, 0 rows affected (0.02 sec)\n\n> set foreign_key_checks=1;\nQuery OK, 0 rows affected (0.00 sec)\n\n\n\u4f46\u3057\u3001foreign_key_checks=0\u306b\u3059\u308b\u3068\u3001\u5916\u90e8\u30ad\u30fc\u5236\u7d04\u306fDB\u30ec\u30d9\u30eb\u3067\u7121\u52b9\u5316\u3055\u308c\u308b\u306e\u3067\u3001\u91cd\u8981\u306a\u74b0\u5883\u3067\u306f\u3084\u3081\u307e\u3057\u3087\u3046\u3002\ndelete table\u3057\u3066\u4e0b\u3055\u3044\u3002\n\n\u53c2\u8003\u30b5\u30a4\u30c8\uff1ahttp://bugs.mysql.com/bug.php?id=54678\n\u5916\u90e8\u30ad\u30fc\u53c2\u7167\u30c6\u30fc\u30d6\u30eb\u306f\u3001truncate\u51fa\u6765\u306a\u3044\u304b\u3089delete\u3057\u3066\u306d\u3000\u3068\u66f8\u3044\u3066\u3042\u308a\u307e\u3059\u3002\n\n\n\u554f\u984c\uff13\uff1atimestamp\u306b\u6697\u9ed9\u306e\u30c7\u30d5\u30a9\u30eb\u30c8\u5024\u304c\u3064\u304b\u306a\u304f\u306a\u308b\nmysql5.6\u3067\u306f\u3001timestamp\u306e\u6697\u9ed9\u7684\u306a\u5c5e\u6027\u8ffd\u52a0\u304c\u3055\u308c\u306a\u304f\u306a\u308b\u3002\nmysql5.5\u3067\u306f\u3001\u5c5e\u6027\u3092\u4ed8\u3051\u306a\u304f\u3066\u3082\u6697\u9ed9\u7684\u306b\u4ed8\u4e0e\u3055\u308c\u308b\u3002\n\u5bfe\u7b56\u3068\u3057\u3066\u306f\u3001\n\nNULL or NOTNULL \u3092\u5fc5\u305a\u3064\u3051\u308b\n\u4f7f\u7528\u6709\u7121\u306b\u554f\u308f\u305a\u3001default\u5024\u3092\u5fc5\u305a\u3064\u3051\u308b\u3002\uff08CURRENT_TIMESTAMP\u3067OK\u3002\uff09\n\n\u306a\u304a\u3001MySQL5.6\u3067\u306f\u3001explicit_defaults_for_timestamp \u3068\u3044\u3046\u30aa\u30d7\u30b7\u30e7\u30f3\u304c\u3042\u308a\u3001\n\u4eca\u307e\u3067\u901a\u308a\u88dc\u5b8c\u3092\u3059\u308b\u3053\u3068\u3082\u53ef\u80fd\u3067\u3059\u304c\u3001\u6697\u9ed9\u7684\u306a\u5c5e\u6027\u5024\u306f\u305d\u306e\u3046\u3061\u5ec3\u6b62\u3055\u308c\u308b\u3088\u3046\u3067\u3001\u975e\u63a8\u5968\u30aa\u30d7\u30b7\u30e7\u30f3\u3068\u306a\u3063\u3066\u3044\u308b\u3002\n\u691c\u8a3c\u30c6\u30fc\u30d6\u30eb\ncreate table peki1 ( time timestamp);\ncreate table peki2 ( time timestamp NULL);\ncreate table peki3 ( time timestamp NOT NULL);\ncreate table peki4 ( time timestamp NULL default CURRENT_TIMESTAMP);\ncreate table peki5 ( time timestamp NOT NULL default CURRENT_TIMESTAMP);\n\n\nMySQL5.5\u306edump\u7d50\u679c\nCREATE TABLE `peki1` (`time` timestamp NOT NULL default CURRENT_TIMESTAMP on update CURRENT_TIMESTAMP) ENGINE=MyISAM DEFAULT CHARSET=utf8\nCREATE TABLE `peki2` (`time` timestamp NULL default NULL) ENGINE=MyISAM DEFAULT CHARSET=utf8\nCREATE TABLE `peki3` (`time` timestamp NOT NULL default CURRENT_TIMESTAMP on update CURRENT_TIMESTAMP) ENGINE=MyISAM DEFAULT CHARSET=utf8\nCREATE TABLE `peki4` (`time` timestamp NULL default CURRENT_TIMESTAMP) ENGINE=MyISAM DEFAULT CHARSET=utf8\nCREATE TABLE `peki5` (`time` timestamp NOT NULL default CURRENT_TIMESTAMP) ENGINE=MyISAM DEFAULT CHARSET=utf8\n\n\n\nMySQL5.6\u306edump\u7d50\u679c\nCREATE TABLE `peki1` (`time` timestamp NULL DEFAULT NULL) ENGINE=InnoDB DEFAULT CHARSET=utf8\nCREATE TABLE `peki2` (`time` timestamp NULL DEFAULT NULL) ENGINE=InnoDB DEFAULT CHARSET=utf8\nCREATE TABLE `peki3` (`time` timestamp NOT NULL) ENGINE=InnoDB DEFAULT CHARSET=utf8\nCREATE TABLE `peki4` (`time` timestamp NULL DEFAULT CURRENT_TIMESTAMP) ENGINE=InnoDB DEFAULT CHARSET=utf8\nCREATE TABLE `peki5` (`time` timestamp NOT NULL DEFAULT CURRENT_TIMESTAMP) ENGINE=InnoDB DEFAULT CHARSET=utf8\n\n\n\n\u554f\u984c\uff14\uff1alock_wait_timeout\u3000\u306e\u30c7\u30d5\u30a9\u30eb\u30c8\u5024\u304c\uff11\u5e74\u306b\nlock_wait_timeout\u306e\u30c7\u30d5\u30a9\u30eb\u30c8\u5024\u304c\uff11\u5e74\u306b\u306a\u3063\u305f\u305f\u3081\u3001\u77ed\u304f\u3059\u308b\u5fc5\u8981\u304c\u6709\u308b\u3002\n\n\u554f\u984c\uff15\uff1a\u30ec\u30d7\u30ea\u30b1\u30fc\u30b7\u30e7\u30f3\u30d5\u30a9\u30fc\u30de\u30c3\u30c8\u306e\u5dee\u7570\nmysql5.0\u3067\u306fstatement\u3057\u304b\u5b58\u5728\u3057\u306a\u3044\u3002mix\u30d9\u30fc\u30b9\u3067\u904b\u7528\u3057\u3088\u3046\u3068\u3059\u308b\u3068\u554f\u984c\u304c\u751f\u3058\u308b\u3002\nstatement\u30d9\u30fc\u30b9\u306e\u5834\u5408\u3001\u4ee5\u4e0b\u306e\u3088\u3046\u306a\u30c6\u30f3\u30dd\u30e9\u30ea\u30fc\u30c6\u30fc\u30d6\u30eb\u3092\u4f7f\u3063\u305f\u30af\u30a8\u30ea\u3092\u9014\u4e2d\u3067\u6b62\u3081\u305f\u5834\u5408\u306b\u554f\u984c\u304c\u751f\u3058\u308b\u306e\u3067\u3001\n\u30ec\u30d7\u30ea\u30b1\u30fc\u30b7\u30e7\u30f3\u505c\u6b62\u306e\u30bf\u30a4\u30df\u30f3\u30b0\u306f\u6ce8\u610f\u304c\u5fc5\u8981\u3002\n\n\u53c2\u8003\uff1ahttp://yoku0825.blogspot.jp/2013/06/create-temporary-table.html\n\n\n\n\u554f\u984c\uff16\uff1a\u30b9\u30ed\u30fc\u30af\u30a8\u30ea\u5316\nVersionUp\u306b\u3088\u3063\u3066\u3001\u30d1\u30d5\u30a9\u30fc\u30de\u30f3\u30b9\u5411\u4e0a\u3057\u305f\u30af\u30a8\u30ea\u3068\u3001\u30d1\u30d5\u30a9\u30fc\u30de\u30f3\u30b9\u52a3\u5316\u3057\u305f\u30af\u30a8\u30ea\u304c\u305d\u308c\u305e\u308c\u3042\u308b\u3002\n - ex. \u6570\u767e\u79d2\u304b\u304b\u3063\u3066\u3044\u305f\u30b9\u30ed\u30fc\u30af\u30a8\u30ea\u304c\u4e00\u6383\u3055\u308c\u305f\u3002\n - ex. \u4f7f\u7528\u3059\u308bindex\u304c\u5909\u308f\u308a\u3001\u6975\u7aef\u306b\u30b9\u30ed\u30fc\u30af\u30a8\u30ea\u5316\u3057\u3066\u60aa\u5316\u3057\u305f\u3002\n\u66ab\u5b9a\u56de\u907f\u3068\u3057\u3066\u306f\u3001FORCE INDEX\u3092\u5229\u7528\u3059\u308b\u3068\u3044\u3044\u3002\uff08\u4f46\u3057FORCE INDEX\u306e\u3054\u5229\u7528\u306f\u8a08\u753b\u7684\u306b\u3002\u3002\u3002\uff09\nMySQL5.0\u3067\u52d5\u3044\u3066\u3044\u305f\u30b7\u30b9\u30c6\u30e0\u3092\u3001MySQL5.6\u306b\u30d0\u30fc\u30b8\u30e7\u30f3\u30a2\u30c3\u30d7\u3057\u305f\u6642\u306b\u3001\nMySQL\u306e\u4e92\u63db\u6027\u306e\u7121\u3044\u4ed5\u69d8\u5909\u66f4\u306b\u4f34\u3046\u30af\u30a8\u30ea\u306e\u4fee\u6b63\u304c\u5927\u91cf\u306b\u3042\u3063\u305f\u306e\u3067\u3001\u307e\u3068\u3081\u305f\u3002\n\n# \u554f\u984c\uff11\uff1aunsigned int \u306b\u8ca0\u306e\u5024\u304c\u5165\u3063\u305f\u6642\u306e\u3001\u30a2\u30f3\u30c0\u30fc\u30d5\u30ed\u30fc\u306e\u4ed5\u69d8\u5909\u66f4\nMySQL5.5 \u304b\u3089\u4ed5\u69d8\u5909\u66f4\u3055\u308c\u305f\u3002\n\n\u691c\u8a3c\u30c6\u30fc\u30d6\u30eb\n```mysql\nCREATE TABLE peki_unsigned_int (count int(11) unsigned) ENGINE=InnoDB DEFAULT CHARSET=utf8;\n```\n\n```mysql:MySQL5.5\n> set @@sql_mode = '';\n\n> insert into peki_unsigned_int(count) values (0);\nQuery OK, 1 row affected (0.00 sec)\n\n> update peki_unsigned_int set count = count - 1;\nQuery OK, 1 row affected, 1 warning (0.00 sec)\nRows matched: 1  Changed: 1  Warnings: 1\nWarning (Code 1264): Out of range value adjusted for column 'count' at row 1\n\n> select * from peki_unsigned_int;\n+------------+\n| count      |\n+------------+\n| 4294967295 |\n+------------+\n1 row in set (0.00 sec)\n \n> select cast(0 as unsigned) - 1;\n+-------------------------+\n| cast(0 as unsigned - 1 |\n+-------------------------+\n|    18446744073709551615 |\n+-------------------------+\n1 row in set (0.01 sec)\n```\nmysql5.5\u3067\u306f\u6210\u529f\u3002\u3000\u4f46\u3057\u3001-1\u3067\u306f\u306a\u304f\u3001\u30aa\u30fc\u30d0\u30fc\u30d5\u30ed\u30fc\u3057\u30664294967295\u3002 \n\n```mysql:MySQL5.6\n> set @@sql_mode = '';\n\n> insert into peki_unsigned_int(count) values (0);\nQuery OK, 1 row affected (0.01 sec)\n\n> update peki_unsigned_int set count = count - 1;\nERROR 1690 (22003): BIGINT UNSIGNED value is out of range in '(`db`.`peki_unsigned_int`.`count` - 1)'\n \n> select cast(0 as unsigned) - 1;\nERROR 1690 (22003): BIGINT UNSIGNED value is out of range in '(cast(0 as unsigned) - 1)'\n \n> select cast(18446744073709551615 as unsigned) +1;\nERROR 1690 (22003): BIGINT UNSIGNED value is out of range in '(cast(18446744073709551615 as unsigned) + 1)'\n```\n=> MySQL5.6\u3067\u306f\u3001\u30a8\u30e9\u30fc\u3002\n\n## \u5bfe\u7b56\u65b9\u6cd5\uff11:set sql_mode = 'NO_UNSIGNED_SUBTRACTION';\nMySQL5.5 MySQL5.6 \u5171\u306b\u3001\n\n```mysql\n> set sql_mode = 'NO_UNSIGNED_SUBTRACTION';\n\n> insert into peki_unsigned_int(count) values (0);\n\n> update peki_unsigned_int set count = count - 1;\nQuery OK, 0 rows affected, 1 warning (0.00 sec)\nRows matched: 1  Changed: 0  Warnings: 1\nWarning (Code 1264): Out of range value adjusted for column 'count' at row 1\n\n> select * from peki_unsigned_int;\n+-------+\n| count |\n+-------+\n|     0 |\n+-------+\n1 row in set (0.00 sec)\n```\n\u7247\u65b9\u306f\u30a2\u30f3\u30c0\u30fc\u30d5\u30ed\u30fc\u3001\u7247\u65b9\u306f\u30a8\u30e9\u30fc\u306b\u306a\u3063\u3066\u3044\u305f\u306e\u304c\u3001\u4e21\u65b90\u3068\u306a\u308a\u3001\u4e92\u63db\u6027\u304c\u4fdd\u305f\u308c\u305f\u3002\n\uff08\u305d\u3082\u305d\u3082\u30a2\u30f3\u30c0\u30fc\u30d5\u30ed\u30fc\u3057\u3066\u308b\u306e\u304c\u304a\u304b\u3057\u3044\u3068\u3044\u3046\u30c4\u30c3\u30b3\u30df\u306f\u7121\u3057\u3067\u3002\uff09\n \n## \u5bfe\u7b56\u65b9\u6cd5\uff12\uff1asigned\u306bcast\u3059\u308b\n\u65b0\u898f\u3067\u30b3\u30fc\u30c9\u3092\u66f8\u304f\u306a\u3089\u3001\u8a08\u7b97\u9014\u4e2d\u3067`cast(*** as signed)`\u3067\u30ad\u30e3\u30b9\u30c8\u3059\u308c\u3070\u3001\u3053\u306e\u554f\u984c\u306f\u89e3\u6c7a\u3059\u308b\u3002\n\u3063\u3066\u304b\u3001\u65b0\u3057\u304f\u30b3\u30fc\u30c9\u66f8\u304f\u306a\u3089sql_mode\u3068\u304b\u8003\u3048\u305a\u306b\u3001\u30ad\u30e3\u30b9\u30c8\u3059\u308c\u3002\n \n## \u89e3\u6c7a\u51fa\u6765\u306a\u3044\u554f\u984c\nBIG INT\u306eunsigned\u306e\u8db3\u3057\u7b97\u306b\u3088\u308b\u30aa\u30fc\u30d0\u30fc\u30d5\u30ed\u30fc\u306fMySQL5.1\u304b\u3089\u4ed5\u69d8\u5909\u66f4\u3055\u308c\u305f\u3002\n\u3053\u306e\u554f\u984c\u306f`sql_mode = 'NO_UNSIGNED_SUBTRACTION';` \u3067\u306f\u89e3\u6c7a\u3067\u304d\u306a\u3044\u3002\n\u3053\u306eSQL_MODE\u306f\u8a08\u7b97\u306b\u3088\u308b\u30aa\u30fc\u30d0\u30fc\u30d5\u30ed\u30fc\u306f\u8003\u616e\u3057\u3066\u3044\u306a\u3044\u3088\u3046\u3060\u3002\n \n```mysql:MySQL5.0\n> select cast(18446744073709551626 as unsigned);\n+----------------------------------------+\n| cast(18446744073709551626 as unsigned) |\n+----------------------------------------+\n|                   18446744073709551615 |\n+----------------------------------------+\n1 row in set, 1 warning (0.00 sec)\nError (Code 1292): Truncated incorrect DECIMAL value: ''\n\n> select cast(18446744073709551615+1 as unsigned);\n+-------------------------------------------+\n| cast(18446744073709551615+1 as unsigned) |\n+-------------------------------------------+\n|                                         0 |\n+-------------------------------------------+\n```\n\uff11\u3064\u76ee\u306e\u30af\u30a8\u30ea\u304c\u30a8\u30e9\u30fc\uff08MySQL5.0\u306e\u30d0\u30b0\u306a\u305d\u3046\u3067\u3059\u3002\uff09\n\uff12\u3064\u76ee\u306e\u30af\u30a8\u30ea\u304c\u30aa\u30fc\u30d0\u30fc\u30d5\u30ed\u30fc\n \n```mysql:mysql5.1\n> select cast(18446744073709551626 as unsigned);\n+----------------------------------------+\n| cast(18446744073709551626 as unsigned) |\n+----------------------------------------+\n|                   18446744073709551615 |\n+----------------------------------------+\n1 row in set, 1 warning (0.01 sec)\nWarning (Code 1292): Truncated incorrect DECIMAL value: ''\n \n> select cast(18446744073709551615+1 as unsigned);\nERROR 1690 (22003): BIGINT UNSIGNED value is out of range in '(18446744073709551615 + 1)'\n```\n\uff11\u3064\u76ee\u306e\u30af\u30a8\u30ea\u304c\u30ef\u30fc\u30cb\u30f3\u30b0(\u6570\u5024\u306e\u4e38\u3081\u3089\u308c\u3066\u3044\u308b)\n\uff12\u3064\u76ee\u306e\u30af\u30a8\u30ea\u304cMySQL5.1\u3067\u306f\u30a8\u30e9\u30fc\n\n# \u554f\u984c\uff12:\u5916\u90e8\u30ad\u30fc\u5236\u7d04\u3092\u8a2d\u3051\u305f\u89aa\u30c6\u30fc\u30d6\u30eb\u3067truncate\u4e0d\u53ef\u80fd\n- mysql5.5.6\u306f\u3001\u5b50\u30c6\u30fc\u30d6\u30eb\u306e\u53c2\u7167\u304c\u7121\u3051\u308c\u3070\u89aa\u30c6\u30fc\u30d6\u30eb\u306etruncate\u306f\u53ef\u80fd\n- mysql5.6\u306f\u3001\u5b50\u30c6\u30fc\u30d6\u30eb\u306e\u53c2\u7167\u304c\u3042\u308b\u306a\u3044\u306b\u95a2\u308f\u3089\u305a\u3001truncate\u306f\u4e0d\u53ef\u80fd\n\n\u3069\u3046\u3084\u3089\u3001mysql5.5.7\u304b\u3089\u4ed5\u69d8\u304c\u5909\u308f\u3063\u305f\u3089\u3057\u3044\u3002\u3000\u21d2\u3000http://bugs.mysql.com/bug.php?id=58788\n \n\u691c\u8a3c\u30c6\u30fc\u30d6\u30eb\n\n```mysql\ncreate table peki_truncate1 (id int, index(id));\ncreate table peki_truncate2 (id3 int, foreign key (id3) references peki_truncate1(id));\n```\n\n```mysql:MySQL5.6\n> select * from peki_truncate_test1;\nEmpty set (0.00 sec)\n\n> select * from peki_truncate_test2;\nEmpty set (0.01 sec)\n\n> truncate peki_truncate_test1;\nERROR 1701 (42000): Cannot truncate a table referenced in a foreign key constraint (`db`.`peki_truncate_test2`, CONSTRAINT `test2_ibfk_1` FOREIGN KEY (`id3`) REFERENCES `db`.`peki_truncate_test1` (`id`))\n```\n=> \u4f8b\u3048test2\u304b\u3089\u7a7a\u3060\u3063\u305f\u3068\u3057\u3066\u3082\u3001test1\u306b\u5bfe\u3057\u3066truncate\u304cmysql5.6\u3067\u306f\u4e0d\u53ef\u80fd\uff01\n \n\u3069\u3046\u3057\u3066\u3082mysql5.6\u3067\u5916\u90e8\u30ad\u30fc\u5236\u7d04\u3092\u8a2d\u3051\u305f\u89aa\u30c6\u30fc\u30d6\u30eb\u306b\u5bfe\u3057\u3066truncate\u3092\u3057\u305f\u3051\u308c\u3070\u3001`set foreign_key_checks=0;`\u3092\u3059\u308c\u3070\u89e3\u6c7a\u3067\u304d\u308b\u3002\n\n```mysql:MySQL5.6\n> set foreign_key_checks=0;                                                                                                                                                          \nQuery OK, 0 rows affected (0.01 sec)\n\n> truncate peki_truncate1;\nQuery OK, 0 rows affected (0.02 sec)\n\n> set foreign_key_checks=1;\nQuery OK, 0 rows affected (0.00 sec)\n```\n\n\u4f46\u3057\u3001foreign_key_checks=0\u306b\u3059\u308b\u3068\u3001\u5916\u90e8\u30ad\u30fc\u5236\u7d04\u306fDB\u30ec\u30d9\u30eb\u3067\u7121\u52b9\u5316\u3055\u308c\u308b\u306e\u3067\u3001\u91cd\u8981\u306a\u74b0\u5883\u3067\u306f\u3084\u3081\u307e\u3057\u3087\u3046\u3002\ndelete table\u3057\u3066\u4e0b\u3055\u3044\u3002\n\n - \u53c2\u8003\u30b5\u30a4\u30c8\uff1ahttp://bugs.mysql.com/bug.php?id=54678\n\u5916\u90e8\u30ad\u30fc\u53c2\u7167\u30c6\u30fc\u30d6\u30eb\u306f\u3001truncate\u51fa\u6765\u306a\u3044\u304b\u3089delete\u3057\u3066\u306d\u3000\u3068\u66f8\u3044\u3066\u3042\u308a\u307e\u3059\u3002\n\n\n# \u554f\u984c\uff13\uff1atimestamp\u306b\u6697\u9ed9\u306e\u30c7\u30d5\u30a9\u30eb\u30c8\u5024\u304c\u3064\u304b\u306a\u304f\u306a\u308b\nmysql5.6\u3067\u306f\u3001timestamp\u306e\u6697\u9ed9\u7684\u306a\u5c5e\u6027\u8ffd\u52a0\u304c\u3055\u308c\u306a\u304f\u306a\u308b\u3002\nmysql5.5\u3067\u306f\u3001\u5c5e\u6027\u3092\u4ed8\u3051\u306a\u304f\u3066\u3082\u6697\u9ed9\u7684\u306b\u4ed8\u4e0e\u3055\u308c\u308b\u3002\n\n\u5bfe\u7b56\u3068\u3057\u3066\u306f\u3001\n\n- NULL or NOTNULL \u3092\u5fc5\u305a\u3064\u3051\u308b\n- \u4f7f\u7528\u6709\u7121\u306b\u554f\u308f\u305a\u3001default\u5024\u3092\u5fc5\u305a\u3064\u3051\u308b\u3002\uff08CURRENT_TIMESTAMP\u3067OK\u3002\uff09\n\n\u306a\u304a\u3001MySQL5.6\u3067\u306f\u3001`explicit_defaults_for_timestamp` \u3068\u3044\u3046\u30aa\u30d7\u30b7\u30e7\u30f3\u304c\u3042\u308a\u3001\n\u4eca\u307e\u3067\u901a\u308a\u88dc\u5b8c\u3092\u3059\u308b\u3053\u3068\u3082\u53ef\u80fd\u3067\u3059\u304c\u3001\u6697\u9ed9\u7684\u306a\u5c5e\u6027\u5024\u306f\u305d\u306e\u3046\u3061\u5ec3\u6b62\u3055\u308c\u308b\u3088\u3046\u3067\u3001\u975e\u63a8\u5968\u30aa\u30d7\u30b7\u30e7\u30f3\u3068\u306a\u3063\u3066\u3044\u308b\u3002\n \n\u691c\u8a3c\u30c6\u30fc\u30d6\u30eb\n\n```\ncreate table peki1 ( time timestamp);\ncreate table peki2 ( time timestamp NULL);\ncreate table peki3 ( time timestamp NOT NULL);\ncreate table peki4 ( time timestamp NULL default CURRENT_TIMESTAMP);\ncreate table peki5 ( time timestamp NOT NULL default CURRENT_TIMESTAMP);\n```\n\n```mysql:MySQL5.5\u306edump\u7d50\u679c\nCREATE TABLE `peki1` (`time` timestamp NOT NULL default CURRENT_TIMESTAMP on update CURRENT_TIMESTAMP) ENGINE=MyISAM DEFAULT CHARSET=utf8\nCREATE TABLE `peki2` (`time` timestamp NULL default NULL) ENGINE=MyISAM DEFAULT CHARSET=utf8\nCREATE TABLE `peki3` (`time` timestamp NOT NULL default CURRENT_TIMESTAMP on update CURRENT_TIMESTAMP) ENGINE=MyISAM DEFAULT CHARSET=utf8\nCREATE TABLE `peki4` (`time` timestamp NULL default CURRENT_TIMESTAMP) ENGINE=MyISAM DEFAULT CHARSET=utf8\nCREATE TABLE `peki5` (`time` timestamp NOT NULL default CURRENT_TIMESTAMP) ENGINE=MyISAM DEFAULT CHARSET=utf8\n```\n\n```mysql:MySQL5.6\u306edump\u7d50\u679c\nCREATE TABLE `peki1` (`time` timestamp NULL DEFAULT NULL) ENGINE=InnoDB DEFAULT CHARSET=utf8\nCREATE TABLE `peki2` (`time` timestamp NULL DEFAULT NULL) ENGINE=InnoDB DEFAULT CHARSET=utf8\nCREATE TABLE `peki3` (`time` timestamp NOT NULL) ENGINE=InnoDB DEFAULT CHARSET=utf8\nCREATE TABLE `peki4` (`time` timestamp NULL DEFAULT CURRENT_TIMESTAMP) ENGINE=InnoDB DEFAULT CHARSET=utf8\nCREATE TABLE `peki5` (`time` timestamp NOT NULL DEFAULT CURRENT_TIMESTAMP) ENGINE=InnoDB DEFAULT CHARSET=utf8\n```\n\n# \u554f\u984c\uff14\uff1alock_wait_timeout\u3000\u306e\u30c7\u30d5\u30a9\u30eb\u30c8\u5024\u304c\uff11\u5e74\u306b\nlock_wait_timeout\u306e\u30c7\u30d5\u30a9\u30eb\u30c8\u5024\u304c\uff11\u5e74\u306b\u306a\u3063\u305f\u305f\u3081\u3001\u77ed\u304f\u3059\u308b\u5fc5\u8981\u304c\u6709\u308b\u3002\n\n# \u554f\u984c\uff15\uff1a\u30ec\u30d7\u30ea\u30b1\u30fc\u30b7\u30e7\u30f3\u30d5\u30a9\u30fc\u30de\u30c3\u30c8\u306e\u5dee\u7570\nmysql5.0\u3067\u306fstatement\u3057\u304b\u5b58\u5728\u3057\u306a\u3044\u3002mix\u30d9\u30fc\u30b9\u3067\u904b\u7528\u3057\u3088\u3046\u3068\u3059\u308b\u3068\u554f\u984c\u304c\u751f\u3058\u308b\u3002\nstatement\u30d9\u30fc\u30b9\u306e\u5834\u5408\u3001\u4ee5\u4e0b\u306e\u3088\u3046\u306a\u30c6\u30f3\u30dd\u30e9\u30ea\u30fc\u30c6\u30fc\u30d6\u30eb\u3092\u4f7f\u3063\u305f\u30af\u30a8\u30ea\u3092\u9014\u4e2d\u3067\u6b62\u3081\u305f\u5834\u5408\u306b\u554f\u984c\u304c\u751f\u3058\u308b\u306e\u3067\u3001\n\u30ec\u30d7\u30ea\u30b1\u30fc\u30b7\u30e7\u30f3\u505c\u6b62\u306e\u30bf\u30a4\u30df\u30f3\u30b0\u306f\u6ce8\u610f\u304c\u5fc5\u8981\u3002\n\n- \u53c2\u8003\uff1ahttp://yoku0825.blogspot.jp/2013/06/create-temporary-table.html\n\n\n# \u554f\u984c\uff16\uff1a\u30b9\u30ed\u30fc\u30af\u30a8\u30ea\u5316\nVersionUp\u306b\u3088\u3063\u3066\u3001\u30d1\u30d5\u30a9\u30fc\u30de\u30f3\u30b9\u5411\u4e0a\u3057\u305f\u30af\u30a8\u30ea\u3068\u3001\u30d1\u30d5\u30a9\u30fc\u30de\u30f3\u30b9\u52a3\u5316\u3057\u305f\u30af\u30a8\u30ea\u304c\u305d\u308c\u305e\u308c\u3042\u308b\u3002\n - ex. \u6570\u767e\u79d2\u304b\u304b\u3063\u3066\u3044\u305f\u30b9\u30ed\u30fc\u30af\u30a8\u30ea\u304c\u4e00\u6383\u3055\u308c\u305f\u3002\n - ex. \u4f7f\u7528\u3059\u308bindex\u304c\u5909\u308f\u308a\u3001\u6975\u7aef\u306b\u30b9\u30ed\u30fc\u30af\u30a8\u30ea\u5316\u3057\u3066\u60aa\u5316\u3057\u305f\u3002\n\n\u66ab\u5b9a\u56de\u907f\u3068\u3057\u3066\u306f\u3001FORCE INDEX\u3092\u5229\u7528\u3059\u308b\u3068\u3044\u3044\u3002\uff08\u4f46\u3057FORCE INDEX\u306e\u3054\u5229\u7528\u306f\u8a08\u753b\u7684\u306b\u3002\u3002\u3002\uff09\n\n"}