{"tags": ["MySQL", "5.6.23", "\u30e1\u30e2", "\u8a08\u7b97", "\u6d6e\u52d5\u5c0f\u6570\u70b9"], "context": " More than 1 year has passed since last update.SELECT\u6587\u306e\u5c0f\u6570\u70b9\u306e\u4e57\u7b97\u3067\u5909\u306a\u6319\u52d5\u306b\u306a\u3063\u3066\u3064\u307e\u3065\u3044\u305f\u306e\u3067\u30e1\u30e2\u3002\n\u30d0\u30fc\u30b8\u30e7\u30f3\uff1amysql  Ver 14.14 Distrib 5.6.23, for linux-glibc2.5 (x86_64) using  EditLine wrapper\n\n\u30c6\u30fc\u30d6\u30eb\nCREATE TABLE hoge (id varchar(5), group_id varchar(5), value double);\nINSERT INTO hoge (id, group_id, value) VALUES ('A1', 'A',  0.0001234567);\nINSERT INTO hoge (id, group_id, value) VALUES ('A1', 'A',  0.0001111111);\nINSERT INTO hoge (id, group_id, value) VALUES ('A1', 'B',    0.02222222);\nINSERT INTO hoge (id, group_id, value) VALUES ('A1', 'A',   0.003333333);\nINSERT INTO hoge (id, group_id, value) VALUES ('A1', 'B',   0.004444444);\nINSERT INTO hoge (id, group_id, value) VALUES ('A2', 'B', 0.00005555555);\n\nSELECT * FROM hoge;\n+------+----------+---------------+\n| id   | group_id | value         |\n+------+----------+---------------+\n| A1   | A        |  0.0001234567 |\n| A1   | A        |  0.0001111111 |\n| A1   | B        |    0.02222222 |\n| A1   | A        |   0.003333333 |\n| A1   | B        |   0.004444444 |\n| A2   | B        | 0.00005555555 |\n+------+----------+---------------+\n6 rows in set (0.00 sec)\n\n\n\u3084\u308a\u305f\u3044\u3053\u3068\n\u3084\u308a\u305f\u3044\u3053\u3068\u306f\u6307\u5b9a\u3057\u305fid\u306e\u307f\u3092\u62bd\u51fa\u3057\u3001\u30ab\u30a6\u30f3\u30c8\u3057\u305fgroup_id\u3054\u3068\u306e\u5024\u3068\u305d\u306e\u30ec\u30b3\u30fc\u30c9\u306evalue\u3092\u4e57\u7b97\u3059\u308b\u3002\n\u4f8b\u3048\u3070id\u306f'A1'\u3092\u6307\u5b9a\u3059\u308b\u3068\u3059\u308b\u3002\ngroup_id\u304c'A'\u306e\u30ec\u30b3\u30fc\u30c9\u306f\uff13\u3064\u3042\u308b\u306e\u3067\u300cvalue * 3\u300d\u3092\u5404'A'\u306e\u30ec\u30b3\u30fc\u30c9\u306b\u884c\u308f\u305b\u308b\u3002\ngroup_id\u304c'B'\u306e\u30ec\u30b3\u30fc\u30c9\u306f\uff12\u3064\u3042\u308b\uff08\uff13\u3064\u3042\u308b\u304c\u3001id\u304c'A2'\u306egroup_ID'B'\u306f\u9664\u5916\uff09\u306e\u3067\u300cvalue * 2\u300d\u3092\u5404'B'\u306e\u30ec\u30b3\u30fc\u30c9\u306b\u884c\u308f\u305b\u305f\u3044\u3002\n1\u30ec\u30b3\u30fc\u30c9\u76ee\u306f0.0001234567 * 3\u3092\u884c\u3044\u3001\u305d\u306e\u7d50\u679c\u3092result\u5217\u306b\u51fa\u529b\u3059\u308b\u3002\n2\u30ec\u30b3\u30fc\u30c9\u76ee\u306f0.0001111111 * 3\u3092\u884c\u3044\u3001\u540c\u3058\u304fresult\u5217\u306b\u51fa\u529b\u3059\u308b\u3002\n\u540c\u3058\u3088\u3046\u306a\u3053\u3068\u3092\u4ed6\u30ec\u30b3\u30fc\u30c9\u306b\u3082\u884c\u3046\u3002\n\u3053\u306e\u4f5c\u6210\u3057\u305fSELECT\u6587\u306f\u3053\u3061\u3089\u3002\n\nSELECT\u6587\nSELECT root.id,\n       root.group_id,\n       root.value,\n       cnt.valuecount,\n       root.value * cnt.valuecount AS result\n  FROM hoge root \n  INNER JOIN (SELECT id, group_id, COUNT(value) AS valuecount\n              FROM hoge\n              WHERE id = 'A1'\n              GROUP BY id, group_id) cnt\n   ON cnt.id = root.id\n  AND cnt.group_id = root.group_id;\n\n\n\n\u7d50\u679c\n\n\u7d50\u679c\n+------+----------+--------------+------------+----------------------+\n| id   | group_id | value        | valuecount | result               |\n+------+----------+--------------+------------+----------------------+\n| A1   | A        | 0.0001234567 |          3 |         0.0003703701 |\n| A1   | A        | 0.0001111111 |          3 |         0.0003333333 |\n| A1   | B        |   0.02222222 |          2 |           0.04444444 |\n| A1   | A        |  0.003333333 |          3 | 0.009999998999999999 |\n| A1   | B        |  0.004444444 |          2 |          0.008888888 |\n+------+----------+--------------+------------+----------------------+\n5 rows in set (0.00 sec)\n\n\nid\u304c'A1'\u3060\u3051\u306f\u3046\u307e\u304f\u62bd\u51fa\u3055\u308c\u3066\u3044\u308b\u3002group_id\u3054\u3068\u306e\u30ab\u30a6\u30f3\u30c8\uff08valuecount\uff09\u3082\u3088\u3057\u3002\n\u3042\u3068\u306f\u3001SELECT\u6587\u306e\u4e2d\u306b\u66f8\u3044\u305f\u300cvalue * valuecount\u300d\u306e\u7d50\u679c\u300cresult\u300d\u3092\u898b\u308b\u3002\n1\u30ec\u30b3\u30fc\u30c9\u76ee\u306e\u300c0.0001234567 * 3\u300d\u306e\u7d50\u679c\u306f\u300c0.0003703701\u300d\u306a\u306e\u3067OK\u3002\n2\u30ec\u30b3\u30fc\u30c9\u76ee\u306e\u300c0.0001111111 * 3\u300d\u306e\u7d50\u679c\u306f\u300c0.0003333333\u300d\u306a\u306e\u3067OK\u3002\n\u3057\u304b\u3057\u3001\u8aad\u307f\u9032\u3081\u3066\u307f\u308b\u3068\u30014\u30ec\u30b3\u30fc\u30c9\u76ee\u306eresult\u304c\u660e\u3089\u304b\u306b\u304a\u304b\u3057\u3044\u3002\n\u300c0.003333333 * 3\u300d\u306f\u300c0.009999999\u300d\u306a\u306e\u306bresult\u306f\u300c0.009999998999999999\u300d\u3002\u306a\u3093\u3058\u3083\u3053\u3089\u3002\n\n\u8a66\u884c\u932f\u8aa4\n\u8a66\u3057\u306b\u7d20\u306e\u5024\u3067\u8a08\u7b97\u3057\u3066\u307f\u308b\u3002\nselect 0.003333333 * 3;\n+-----------------+\n| 0.003333333 * 3 |\n+-----------------+\n|     0.009999999 |\n+-----------------+\n1 row in set (0.00 sec)\n\n\u3053\u3061\u3089\u306f\u3061\u3083\u3093\u3068\u8a08\u7b97\u3055\u308c\u308b\u30fb\u30fb\u3002\u3069\u3046\u3044\u3046\u3053\u3068\u306a\u306e\u30fb\u30fb\u3002\n\u5148\u307b\u3069\u306eSELECT\u6587\u306e\u4e2d\u306b\u7121\u7406\u3084\u308a\u7d20\u306e\u5024\u3092\u5165\u308c\u3066\u307f\u308b\u3002\n\n\u8a66\u884c\u932f\u8aa4\nSELECT root.id,\n     root.group_id,\n     root.value,\n     cnt.valuecount,\n     root.value * 3 AS result\n  FROM hoge root\n  INNER JOIN (SELECT id, group_id, COUNT(value) AS valuecount\n              FROM hoge\n              WHERE id = 'A1'\n              GROUP BY id, group_id) cnt\n   ON cnt.id = root.id\n  AND cnt.group_id = root.group_id;\n+------+----------+--------------+------------+----------------------+\n| id   | group_id | value        | valuecount | result               |\n+------+----------+--------------+------------+----------------------+\n| A1   | A        | 0.0001234567 |          3 |         0.0003703701 |\n| A1   | A        | 0.0001111111 |          3 |         0.0003333333 |\n| A1   | B        |   0.02222222 |          2 |           0.06666666 |\n| A1   | A        |  0.003333333 |          3 | 0.009999998999999999 |\n| A1   | B        |  0.004444444 |          2 |          0.013333332 |\n+------+----------+--------------+------------+----------------------+\n5 rows in set (0.01 sec)\n\n\n\u306a\u30fb\u30fb\u306a\u3093\u3060\u3068\u30fb\u30fb\u30fb\u3002\n\u3082\u3057\u304b\u3059\u308b\u3068root.value\u306e\u65b9\u304c\u60aa\u3044\u306e\u304b\u306a\uff1f\nSELECT root.id,\n       root.group_id,\n       root.value,\n       cnt.valuecount,\n       0.0003333333 * cnt.valuecount AS result\n  FROM hoge root \n  INNER JOIN (SELECT id, group_id, COUNT(value) AS valuecount\n              FROM hoge\n              WHERE id = 'A1'\n              GROUP BY id, group_id) cnt\n   ON cnt.id = root.id\n  AND cnt.group_id = root.group_id;\n+------+----------+--------------+------------+--------------+\n| id   | group_id | value        | valuecount | result       |\n+------+----------+--------------+------------+--------------+\n| A1   | A        | 0.0001234567 |          3 | 0.0009999999 |\n| A1   | A        | 0.0001111111 |          3 | 0.0009999999 |\n| A1   | B        |   0.02222222 |          2 | 0.0006666666 |\n| A1   | A        |  0.003333333 |          3 | 0.0009999999 |\n| A1   | B        |  0.004444444 |          2 | 0.0006666666 |\n+------+----------+--------------+------------+--------------+\n5 rows in set (0.00 sec)\n\n\u4eca\u5ea6\u306f\u3061\u3083\u3093\u3068\u52d5\u3044\u305f\u3002root.value\u306e\u65b9\u304c\u4f55\u304b\u3088\u304f\u306a\u3044\u3063\u307d\u3044\u3002\n\u305d\u3046\u3044\u3046\u3053\u3068\u306a\u3089root.value\u3092\u6587\u5b57\u5217\u2192\u6570\u5024\u306b\u5909\u63db\u3059\u308c\u3070\u52d5\u304f\u3093\u3058\u3083\u306a\u3044\u304b\u306a\uff1f\uff08\u307e\u305f\u3053\u308c\u304b\n\n\u8a66\u884c\u932f\u8aa4\u306e\u672b\n\n\u8a66\u884c\u932f\u8aa4\u306e\u672b\nSELECT root.id,\n       root.group_id,\n       root.value,\n       cnt.valuecount,\n       CAST(CONCAT(root.value) AS DECIMAL(32,24)) * cnt.valuecount AS result\n  FROM hoge root \n  INNER JOIN (SELECT id, group_id, COUNT(value) AS valuecount\n              FROM hoge\n              WHERE id = 'A1'\n              GROUP BY id, group_id) cnt\n   ON cnt.id = root.id\n  AND cnt.group_id = root.group_id;\n\n\n\n\u7d50\u679c\n+------+----------+--------------+------------+----------------------------+\n| id   | group_id | value        | valuecount | result                     |\n+------+----------+--------------+------------+----------------------------+\n| A1   | A        | 0.0001234567 |          3 | 0.000370370100000000000000 |\n| A1   | A        | 0.0001111111 |          3 | 0.000333333300000000000000 |\n| A1   | B        |   0.02222222 |          2 | 0.044444440000000000000000 |\n| A1   | A        |  0.003333333 |          3 | 0.009999999000000000000000 |\n| A1   | B        |  0.004444444 |          2 | 0.008888888000000000000000 |\n+------+----------+--------------+------------+----------------------------+\n5 rows in set (0.00 sec)\n\n\n\u3067\u304d\u305f\uff01\n\u300cCONCAT(root.value)\u300d\u3067double\u578b\u306eroot.value\u3092\u4e00\u5ea6\u6587\u5b57\u5217\u306b\u5909\u63db\u3057\u3066\u3001\u300cCAST(\u25c6 AS DECIMAL(32,24))\u300d\u3067\u5168\u4f53\u684132\u6841\u3001\u5c0f\u6570\u70b9\u4ee5\u4e0b24\u6841\uff08\u6841\u306f\u9069\u5f53\uff09\u306edecimal\u578b\u306b\u5909\u63db\u3002\n\u3051\u3069\u3001\u3053\u308c\u306f\u539f\u56e0\u304c\u308f\u304b\u3063\u3066\u306a\u3044\u3057\u3001\u306a\u3093\u306a\u3093\u3060\u308d\u3046\u3002\n\n\u8ffd\u8a18\n\u5358\u7d14\u306b0.3\u30922\u9032\u6570\u3067\u51e6\u7406\u3059\u308b\u305f\u3081\u306b\u8d77\u3053\u3063\u3066\u3044\u305f\u8aa4\u5dee\u3067\u3057\u305f\u3002\n\u8868\u793a\u4e0a\u306f\u300c0.003333333\u300d\u3060\u3051\u3069\u5185\u90e8\u5024\u306f\u9055\u3046\u3068\u3044\u3046\u3053\u3068\u3067\u3059\u306d\u3002\n\u306a\u3093\u3068\u521d\u6b69\u7684\u306a\u30df\u30b9\u30fb\u30fb\u3002\n\u5c0f\u6570\u8a08\u7b97\u3067\u767a\u751f\u3059\u308b\u300c\u8aa4\u5dee\u300d\nDECIMAL\u304c10\u9032\u306e\u56fa\u5b9a\u5c0f\u6570\u70b9\u3067\u51e6\u7406\u3059\u308b\u3068\u306e\u3053\u3068\u306a\u306e\u3067\u3001\u3053\u3046\u3044\u3046\u6271\u3044\u65b9\u3092\u3059\u308b\u3068\u304d\u306f\u30ab\u30e9\u30e0\u3092\u3053\u306e\u578b\u306b\u3057\u3066\u3057\u307e\u3046\u3068\u826f\u3044\u306d\u3002\nhttps://dev.mysql.com/doc/refman/5.6/ja/precision-math-decimal-characteristics.html\n\n\u3042\u307e\u308a\u578b\u5909\u63db\u306f\u3057\u305f\u304f\u306a\u3044\u3093\u3060\u3051\u3069\u306d\u3002\n\u3082\u3057\u308f\u304b\u308b\u4eba\u3044\u308c\u3070\u30b3\u30e1\u30f3\u30c8\u304a\u9858\u3044\u3057\u307e\u3059\uff08\uff8d\uff9f\uff7a\uff98\n\u8ffd\u8a18\uff1a\u30b3\u30e1\u30f3\u30c8\u3042\u308a\u304c\u3068\u3046\u3054\u3056\u3044\u307e\u3057\u305f\uff01\n\u6700\u5f8c\u306f\u300cdrop table if exists hoge;\u300d\u3067\u30c6\u30fc\u30d6\u30eb\u3092\u6d88\u3057\u3066\u304a\u3044\u3066\u306d\u3002\nSELECT\u6587\u306e\u5c0f\u6570\u70b9\u306e\u4e57\u7b97\u3067\u5909\u306a\u6319\u52d5\u306b\u306a\u3063\u3066\u3064\u307e\u3065\u3044\u305f\u306e\u3067\u30e1\u30e2\u3002\n\n\u30d0\u30fc\u30b8\u30e7\u30f3\uff1amysql  Ver 14.14 Distrib 5.6.23, for linux-glibc2.5 (x86_64) using  EditLine wrapper\n\n# \u30c6\u30fc\u30d6\u30eb\n\n```mysql:\nCREATE TABLE hoge (id varchar(5), group_id varchar(5), value double);\nINSERT INTO hoge (id, group_id, value) VALUES ('A1', 'A',  0.0001234567);\nINSERT INTO hoge (id, group_id, value) VALUES ('A1', 'A',  0.0001111111);\nINSERT INTO hoge (id, group_id, value) VALUES ('A1', 'B',    0.02222222);\nINSERT INTO hoge (id, group_id, value) VALUES ('A1', 'A',   0.003333333);\nINSERT INTO hoge (id, group_id, value) VALUES ('A1', 'B',   0.004444444);\nINSERT INTO hoge (id, group_id, value) VALUES ('A2', 'B', 0.00005555555);\n\nSELECT * FROM hoge;\n+------+----------+---------------+\n| id   | group_id | value         |\n+------+----------+---------------+\n| A1   | A        |  0.0001234567 |\n| A1   | A        |  0.0001111111 |\n| A1   | B        |    0.02222222 |\n| A1   | A        |   0.003333333 |\n| A1   | B        |   0.004444444 |\n| A2   | B        | 0.00005555555 |\n+------+----------+---------------+\n6 rows in set (0.00 sec)\n```\n\n# \u3084\u308a\u305f\u3044\u3053\u3068\n\u3084\u308a\u305f\u3044\u3053\u3068\u306f\u6307\u5b9a\u3057\u305fid\u306e\u307f\u3092\u62bd\u51fa\u3057\u3001\u30ab\u30a6\u30f3\u30c8\u3057\u305fgroup_id\u3054\u3068\u306e\u5024\u3068\u305d\u306e\u30ec\u30b3\u30fc\u30c9\u306evalue\u3092\u4e57\u7b97\u3059\u308b\u3002\n\u4f8b\u3048\u3070id\u306f'A1'\u3092\u6307\u5b9a\u3059\u308b\u3068\u3059\u308b\u3002\ngroup_id\u304c'A'\u306e\u30ec\u30b3\u30fc\u30c9\u306f\uff13\u3064\u3042\u308b\u306e\u3067\u300cvalue * 3\u300d\u3092\u5404'A'\u306e\u30ec\u30b3\u30fc\u30c9\u306b\u884c\u308f\u305b\u308b\u3002\ngroup_id\u304c'B'\u306e\u30ec\u30b3\u30fc\u30c9\u306f\uff12\u3064\u3042\u308b\uff08\uff13\u3064\u3042\u308b\u304c\u3001id\u304c'A2'\u306egroup_ID'B'\u306f\u9664\u5916\uff09\u306e\u3067\u300cvalue * 2\u300d\u3092\u5404'B'\u306e\u30ec\u30b3\u30fc\u30c9\u306b\u884c\u308f\u305b\u305f\u3044\u3002\n\n1\u30ec\u30b3\u30fc\u30c9\u76ee\u306f`0.0001234567 * 3`\u3092\u884c\u3044\u3001\u305d\u306e\u7d50\u679c\u3092result\u5217\u306b\u51fa\u529b\u3059\u308b\u3002\n2\u30ec\u30b3\u30fc\u30c9\u76ee\u306f`0.0001111111 * 3`\u3092\u884c\u3044\u3001\u540c\u3058\u304fresult\u5217\u306b\u51fa\u529b\u3059\u308b\u3002\n\u540c\u3058\u3088\u3046\u306a\u3053\u3068\u3092\u4ed6\u30ec\u30b3\u30fc\u30c9\u306b\u3082\u884c\u3046\u3002\n\u3053\u306e\u4f5c\u6210\u3057\u305fSELECT\u6587\u306f\u3053\u3061\u3089\u3002\n\n```mysql:SELECT\u6587\nSELECT root.id,\n       root.group_id,\n       root.value,\n       cnt.valuecount,\n       root.value * cnt.valuecount AS result\n  FROM hoge root \n  INNER JOIN (SELECT id, group_id, COUNT(value) AS valuecount\n              FROM hoge\n              WHERE id = 'A1'\n              GROUP BY id, group_id) cnt\n   ON cnt.id = root.id\n  AND cnt.group_id = root.group_id;\n```\n\n# \u7d50\u679c\n\n```mysql:\u7d50\u679c\n+------+----------+--------------+------------+----------------------+\n| id   | group_id | value        | valuecount | result               |\n+------+----------+--------------+------------+----------------------+\n| A1   | A        | 0.0001234567 |          3 |         0.0003703701 |\n| A1   | A        | 0.0001111111 |          3 |         0.0003333333 |\n| A1   | B        |   0.02222222 |          2 |           0.04444444 |\n| A1   | A        |  0.003333333 |          3 | 0.009999998999999999 |\n| A1   | B        |  0.004444444 |          2 |          0.008888888 |\n+------+----------+--------------+------------+----------------------+\n5 rows in set (0.00 sec)\n```\n\nid\u304c'A1'\u3060\u3051\u306f\u3046\u307e\u304f\u62bd\u51fa\u3055\u308c\u3066\u3044\u308b\u3002group_id\u3054\u3068\u306e\u30ab\u30a6\u30f3\u30c8\uff08valuecount\uff09\u3082\u3088\u3057\u3002\n\u3042\u3068\u306f\u3001SELECT\u6587\u306e\u4e2d\u306b\u66f8\u3044\u305f\u300c`value * valuecount`\u300d\u306e\u7d50\u679c\u300cresult\u300d\u3092\u898b\u308b\u3002\n1\u30ec\u30b3\u30fc\u30c9\u76ee\u306e\u300c`0.0001234567 * 3`\u300d\u306e\u7d50\u679c\u306f\u300c`0.0003703701`\u300d\u306a\u306e\u3067OK\u3002\n2\u30ec\u30b3\u30fc\u30c9\u76ee\u306e\u300c`0.0001111111 * 3`\u300d\u306e\u7d50\u679c\u306f\u300c`0.0003333333`\u300d\u306a\u306e\u3067OK\u3002\n\u3057\u304b\u3057\u3001\u8aad\u307f\u9032\u3081\u3066\u307f\u308b\u3068\u30014\u30ec\u30b3\u30fc\u30c9\u76ee\u306eresult\u304c\u660e\u3089\u304b\u306b\u304a\u304b\u3057\u3044\u3002\n\u300c`0.003333333 * 3`\u300d\u306f\u300c`0.009999999`\u300d\u306a\u306e\u306bresult\u306f\u300c`0.009999998999999999`\u300d\u3002\u306a\u3093\u3058\u3083\u3053\u3089\u3002\n\n# \u8a66\u884c\u932f\u8aa4\n\n\u8a66\u3057\u306b\u7d20\u306e\u5024\u3067\u8a08\u7b97\u3057\u3066\u307f\u308b\u3002\n\n```mysql:\nselect 0.003333333 * 3;\n+-----------------+\n| 0.003333333 * 3 |\n+-----------------+\n|     0.009999999 |\n+-----------------+\n1 row in set (0.00 sec)\n```\n\n\u3053\u3061\u3089\u306f\u3061\u3083\u3093\u3068\u8a08\u7b97\u3055\u308c\u308b\u30fb\u30fb\u3002\u3069\u3046\u3044\u3046\u3053\u3068\u306a\u306e\u30fb\u30fb\u3002\n\u5148\u307b\u3069\u306eSELECT\u6587\u306e\u4e2d\u306b\u7121\u7406\u3084\u308a\u7d20\u306e\u5024\u3092\u5165\u308c\u3066\u307f\u308b\u3002\n\n```mysql:\u8a66\u884c\u932f\u8aa4\nSELECT root.id,\n     root.group_id,\n     root.value,\n     cnt.valuecount,\n     root.value * 3 AS result\n  FROM hoge root\n  INNER JOIN (SELECT id, group_id, COUNT(value) AS valuecount\n              FROM hoge\n              WHERE id = 'A1'\n              GROUP BY id, group_id) cnt\n   ON cnt.id = root.id\n  AND cnt.group_id = root.group_id;\n+------+----------+--------------+------------+----------------------+\n| id   | group_id | value        | valuecount | result               |\n+------+----------+--------------+------------+----------------------+\n| A1   | A        | 0.0001234567 |          3 |         0.0003703701 |\n| A1   | A        | 0.0001111111 |          3 |         0.0003333333 |\n| A1   | B        |   0.02222222 |          2 |           0.06666666 |\n| A1   | A        |  0.003333333 |          3 | 0.009999998999999999 |\n| A1   | B        |  0.004444444 |          2 |          0.013333332 |\n+------+----------+--------------+------------+----------------------+\n5 rows in set (0.01 sec)\n```\n\n\u306a\u30fb\u30fb\u306a\u3093\u3060\u3068\u30fb\u30fb\u30fb\u3002\n\u3082\u3057\u304b\u3059\u308b\u3068root.value\u306e\u65b9\u304c\u60aa\u3044\u306e\u304b\u306a\uff1f\n\n```mysql\nSELECT root.id,\n       root.group_id,\n       root.value,\n       cnt.valuecount,\n       0.0003333333 * cnt.valuecount AS result\n  FROM hoge root \n  INNER JOIN (SELECT id, group_id, COUNT(value) AS valuecount\n              FROM hoge\n              WHERE id = 'A1'\n              GROUP BY id, group_id) cnt\n   ON cnt.id = root.id\n  AND cnt.group_id = root.group_id;\n+------+----------+--------------+------------+--------------+\n| id   | group_id | value        | valuecount | result       |\n+------+----------+--------------+------------+--------------+\n| A1   | A        | 0.0001234567 |          3 | 0.0009999999 |\n| A1   | A        | 0.0001111111 |          3 | 0.0009999999 |\n| A1   | B        |   0.02222222 |          2 | 0.0006666666 |\n| A1   | A        |  0.003333333 |          3 | 0.0009999999 |\n| A1   | B        |  0.004444444 |          2 | 0.0006666666 |\n+------+----------+--------------+------------+--------------+\n5 rows in set (0.00 sec)\n```\n\n\u4eca\u5ea6\u306f\u3061\u3083\u3093\u3068\u52d5\u3044\u305f\u3002root.value\u306e\u65b9\u304c\u4f55\u304b\u3088\u304f\u306a\u3044\u3063\u307d\u3044\u3002\n\u305d\u3046\u3044\u3046\u3053\u3068\u306a\u3089root.value\u3092\u6587\u5b57\u5217\u2192\u6570\u5024\u306b\u5909\u63db\u3059\u308c\u3070\u52d5\u304f\u3093\u3058\u3083\u306a\u3044\u304b\u306a\uff1f\uff08\u307e\u305f\u3053\u308c\u304b\n\n# \u8a66\u884c\u932f\u8aa4\u306e\u672b\n\n```mysql:\u8a66\u884c\u932f\u8aa4\u306e\u672b\nSELECT root.id,\n       root.group_id,\n       root.value,\n       cnt.valuecount,\n       CAST(CONCAT(root.value) AS DECIMAL(32,24)) * cnt.valuecount AS result\n  FROM hoge root \n  INNER JOIN (SELECT id, group_id, COUNT(value) AS valuecount\n              FROM hoge\n              WHERE id = 'A1'\n              GROUP BY id, group_id) cnt\n   ON cnt.id = root.id\n  AND cnt.group_id = root.group_id;\n```\n\n```mysql:\u7d50\u679c\n+------+----------+--------------+------------+----------------------------+\n| id   | group_id | value        | valuecount | result                     |\n+------+----------+--------------+------------+----------------------------+\n| A1   | A        | 0.0001234567 |          3 | 0.000370370100000000000000 |\n| A1   | A        | 0.0001111111 |          3 | 0.000333333300000000000000 |\n| A1   | B        |   0.02222222 |          2 | 0.044444440000000000000000 |\n| A1   | A        |  0.003333333 |          3 | 0.009999999000000000000000 |\n| A1   | B        |  0.004444444 |          2 | 0.008888888000000000000000 |\n+------+----------+--------------+------------+----------------------------+\n5 rows in set (0.00 sec)\n```\n\n\u3067\u304d\u305f\uff01\n\u300c`CONCAT(root.value)`\u300d\u3067double\u578b\u306eroot.value\u3092\u4e00\u5ea6\u6587\u5b57\u5217\u306b\u5909\u63db\u3057\u3066\u3001\u300c`CAST(\u25c6 AS DECIMAL(32,24))`\u300d\u3067\u5168\u4f53\u684132\u6841\u3001\u5c0f\u6570\u70b9\u4ee5\u4e0b24\u6841\uff08\u6841\u306f\u9069\u5f53\uff09\u306edecimal\u578b\u306b\u5909\u63db\u3002\n\n~~\u3051\u3069\u3001\u3053\u308c\u306f\u539f\u56e0\u304c\u308f\u304b\u3063\u3066\u306a\u3044\u3057\u3001\u306a\u3093\u306a\u3093\u3060\u308d\u3046\u3002~~\n\n#\u8ffd\u8a18\n\u5358\u7d14\u306b0.3\u30922\u9032\u6570\u3067\u51e6\u7406\u3059\u308b\u305f\u3081\u306b\u8d77\u3053\u3063\u3066\u3044\u305f\u8aa4\u5dee\u3067\u3057\u305f\u3002\n\u8868\u793a\u4e0a\u306f\u300c0.003333333\u300d\u3060\u3051\u3069\u5185\u90e8\u5024\u306f\u9055\u3046\u3068\u3044\u3046\u3053\u3068\u3067\u3059\u306d\u3002\n\u306a\u3093\u3068\u521d\u6b69\u7684\u306a\u30df\u30b9\u30fb\u30fb\u3002\n[\u5c0f\u6570\u8a08\u7b97\u3067\u767a\u751f\u3059\u308b\u300c\u8aa4\u5dee\u300d](http://pc.nikkeibp.co.jp/pc21/special/gosa/eg1.shtml)\n\nDECIMAL\u304c10\u9032\u306e\u56fa\u5b9a\u5c0f\u6570\u70b9\u3067\u51e6\u7406\u3059\u308b\u3068\u306e\u3053\u3068\u306a\u306e\u3067\u3001\u3053\u3046\u3044\u3046\u6271\u3044\u65b9\u3092\u3059\u308b\u3068\u304d\u306f\u30ab\u30e9\u30e0\u3092\u3053\u306e\u578b\u306b\u3057\u3066\u3057\u307e\u3046\u3068\u826f\u3044\u306d\u3002\nhttps://dev.mysql.com/doc/refman/5.6/ja/precision-math-decimal-characteristics.html\n\n-----------------------------\n\n\u3042\u307e\u308a\u578b\u5909\u63db\u306f\u3057\u305f\u304f\u306a\u3044\u3093\u3060\u3051\u3069\u306d\u3002\n\n~~\u3082\u3057\u308f\u304b\u308b\u4eba\u3044\u308c\u3070\u30b3\u30e1\u30f3\u30c8\u304a\u9858\u3044\u3057\u307e\u3059\uff08\uff8d\uff9f\uff7a\uff98~~\n\u8ffd\u8a18\uff1a\u30b3\u30e1\u30f3\u30c8\u3042\u308a\u304c\u3068\u3046\u3054\u3056\u3044\u307e\u3057\u305f\uff01\n\n\u6700\u5f8c\u306f\u300c`drop table if exists hoge;`\u300d\u3067\u30c6\u30fc\u30d6\u30eb\u3092\u6d88\u3057\u3066\u304a\u3044\u3066\u306d\u3002\n"}