{"context": " More than 1 year has passed since last update.\n\n\u51fa\u6765\u4e8b\n\u30df\u30ea\u79d2\u3067\u4fdd\u5b58\u3055\u308c\u3066\u3044\u308b\u30ab\u30e9\u30e0\u306b\u5bfe\u3057\u3066\u65e5\u4ed8\u578b\u306b\u5909\u63db\u3057\u3066\u540c\u3058\u304f\u65e5\u4ed8\u578b\u306e\u30c7\u30fc\u30bf\u3068\u6bd4\u8f03\u3092\u884c\u306a\u3044\u305f\u3044\n\n\u3084\u3063\u305f\u3053\u3068\n\ndate.sql\nselect * \nfrom table\nwhere \n    TO_DATE(CONVERT_TIMEZONE('JST', TIMESTAMP 'epoch'+(table.column/1000)*INTERVAL), 'MM-DD') = TO_DATE('2015-11-09', 'MM-DD');\n\n\n\u203bTIMEZONE\u304c\u8981\u3089\u306a\u3044\u5834\u5408\u306f CONVERT_TIMEZONE \u306f\u3044\u3089\u306a\u3044\u304b\u3082\u3002\n\n\u3061\u306a\u307f\u306b\nMySQL\u3067\u540c\u3058\u3053\u3068\u3057\u3088\u3046\u3068\u3059\u308b\u3068Unixtime\u304c0\u672a\u6e80\u306e\u5834\u5408\u3001 Null \u304c\u8fd4\u3063\u3066\u304f\u308b\n\ndate.sql\nmysql> select from_unixtime(0);\n+---------------------+\n| from_unixtime(0)    |\n+---------------------+\n| 1970-01-01 09:00:00 |\n+---------------------+\n1 row in set (0.00 sec)\n\nmysql> select from_unixtime(-10000);\n+-----------------------+\n| from_unixtime(-10000) |\n+-----------------------+\n| NULL                  |\n+-----------------------+\n1 row in set (0.00 sec)\n\n\n\n\u3053\u306e\u7d44\u307f\u5408\u308f\u305b\u3067\u77e5\u898b\u3092\u5f97\u305f\u306e\u3067\u6b21\u304b\u3089\u306f\u4e0a\u624b\u304f\u3084\u308b\u3067\u3057\u3087\u3046\n\n## \u51fa\u6765\u4e8b\n\u30df\u30ea\u79d2\u3067\u4fdd\u5b58\u3055\u308c\u3066\u3044\u308b\u30ab\u30e9\u30e0\u306b\u5bfe\u3057\u3066\u65e5\u4ed8\u578b\u306b\u5909\u63db\u3057\u3066\u540c\u3058\u304f\u65e5\u4ed8\u578b\u306e\u30c7\u30fc\u30bf\u3068\u6bd4\u8f03\u3092\u884c\u306a\u3044\u305f\u3044\n\n## \u3084\u3063\u305f\u3053\u3068\n\n```sql:date.sql\nselect * \nfrom table\nwhere \n\tTO_DATE(CONVERT_TIMEZONE('JST', TIMESTAMP 'epoch'+(table.column/1000)*INTERVAL), 'MM-DD') = TO_DATE('2015-11-09', 'MM-DD');\n```\n\n\u203bTIMEZONE\u304c\u8981\u3089\u306a\u3044\u5834\u5408\u306f `CONVERT_TIMEZONE` \u306f\u3044\u3089\u306a\u3044\u304b\u3082\u3002\n\n## \u3061\u306a\u307f\u306b\n\nMySQL\u3067\u540c\u3058\u3053\u3068\u3057\u3088\u3046\u3068\u3059\u308b\u3068Unixtime\u304c0\u672a\u6e80\u306e\u5834\u5408\u3001 `Null` \u304c\u8fd4\u3063\u3066\u304f\u308b\n\n```sql:date.sql\nmysql> select from_unixtime(0);\n+---------------------+\n| from_unixtime(0)    |\n+---------------------+\n| 1970-01-01 09:00:00 |\n+---------------------+\n1 row in set (0.00 sec)\n\nmysql> select from_unixtime(-10000);\n+-----------------------+\n| from_unixtime(-10000) |\n+-----------------------+\n| NULL                  |\n+-----------------------+\n1 row in set (0.00 sec)\n\n```\n\n\u3053\u306e\u7d44\u307f\u5408\u308f\u305b\u3067\u77e5\u898b\u3092\u5f97\u305f\u306e\u3067\u6b21\u304b\u3089\u306f\u4e0a\u624b\u304f\u3084\u308b\u3067\u3057\u3087\u3046\n", "tags": ["redshift", "MySQL"]}