{"context": "Django\u306e\u30af\u30a8\u30ea\u30bb\u30c3\u30c8\u8a55\u4fa1\u30bf\u30a4\u30df\u30f3\u30b0\nhttp://djangoproject.jp/doc/ja/1.0/ref/models/querysets.html\n\u5b9f\u969b\u306bSQL\u51fa\u3057\u306a\u304c\u3089\u691c\u8a3c\u3057\u3066\u3044\u304d\u307e\u3059\u3002\n\n\u6e96\u5099\n\n\u74b0\u5883:\nPython 2.7.10\nDjango 1.9.7\nMySQL 5.6.30\n\u30c7\u30fc\u30bf:\n\u5358\u7d14\u306a\u66f8\u7c4d\u7ba1\u7406\u30af\u30e9\u30b9\u3092\u9069\u5f53\u306b\u4f5c\u6210\nmysql> select * from book_book;\n+----+------+-------------+-----+----------------------------+----------------------------+\n| id | name | description | tag | created_at                 | updated_at                 |\n+----+------+-------------+-----+----------------------------+----------------------------+\n|  1 | A    | A's book    | A   | 2016-06-22 01:50:25.895551 | 2016-06-22 01:50:25.895986 |\n|  2 | B    | B's book    | B   | 2016-06-22 01:50:36.743094 | 2016-06-22 01:50:36.743139 |\n|  3 | C    | C's book    | C   | 2016-06-22 01:50:46.279098 | 2016-06-22 01:50:46.279141 |\n|  4 | D    | D's book    | D   | 2016-06-22 01:50:56.831194 | 2016-06-22 01:50:56.831237 |\n|  5 | E    | E's book    | E   | 2016-06-22 01:51:06.663500 | 2016-06-22 01:51:06.663562 |\n+----+------+-------------+-----+----------------------------+----------------------------+\n5 rows in set (0.00 sec)\n\n\u767a\u884cSQL\u306e\u8868\u793a:\n\nsettings.py\nLOGGING = {\n    'version': 1,\n    'handlers': {\n        'console': {\n            'level': 'DEBUG',\n            'class': 'logging.StreamHandler',\n        },\n    },\n\n    'loggers': {\n        'django.db.backends': {\n            'level': 'DEBUG',\n            'handlers': ['console'],\n        },\n    }\n}\n\n\n\n\u5b9f\u8df5\n\n\u307e\u305a\u306fget\u3057\u3066\u307f\u307e\u3059\u3002\n>>> query = Book.objects.get(id=1)\n(0.001) SELECT `book_book`.`id`, `book_book`.`name`, `book_book`.`description`, `book_book`.`tag`, `book_book`.`created_at`, `book_book`.`updated_at` FROM `book_book` WHERE `book_book`.`id` = 1; args=(1,)\n\nget\u3067\u53d6\u5f97\u3057\u305f\u3089\u3044\u304d\u306a\u308aSQL\u304c\u767a\u884c\u3055\u308c\u307e\u3057\u305f\u3002\n\u3053\u308c\u306f\u3001\n>>> type(query)\n<class 'book.models.Book'>\n\n\u30af\u30a8\u30ea\u30bb\u30c3\u30c8\u3067\u306f\u306a\u304f\u30aa\u30d6\u30b8\u30a7\u30af\u30c8\u3067\u53d6\u5f97\u3055\u308c\u308b\u304b\u3089\u3067\u3059\u306d\n\u3053\u308c\u3092filter\u306b\u5909\u3048\u308b\u3068\n>>> query = Book.objects.filter(id=1)\n>>> type(query)\n<class 'django.db.models.query.QuerySet'>\n\n\u30af\u30a8\u30ea\u30bb\u30c3\u30c8\u3067\u53d6\u5f97\u3055\u308c\u3001\u3053\u306e\u6642\u70b9\u3067\u306fSQL\u306f\u767a\u884c\u3055\u305b\u307e\u305b\u3093\u3002\n\u3053\u308c\u306b\u30c9\u30ad\u30e5\u30e1\u30f3\u30c8\u306b\u5f93\u3063\u3066\u5404\u64cd\u4f5c\u3092\u3057\u3066\u3044\u304d\u307e\u3059\u3002\n\u30a4\u30c6\u30ec\u30fc\u30b7\u30e7\u30f3\n>>> for book in query:\n...   print book\n... \n(0.001) SELECT `book_book`.`id`, `book_book`.`name`, `book_book`.`description`, `book_book`.`tag`, `book_book`.`created_at`, `book_book`.`updated_at` FROM `book_book` WHERE `book_book`.`id` = 1; args=(1,)\nBook object\n\n\u30b9\u30e9\u30a4\u30b9\n>>> query[:1]\n(0.001) SELECT `book_book`.`id`, `book_book`.`name`, `book_book`.`description`, `book_book`.`tag`, `book_book`.`created_at`, `book_book`.`updated_at` FROM `book_book` WHERE `book_book`.`id` = 1 LIMIT 1; args=(1,)\n[<Book: Book object>]\n\nrepr\n>>> repr(query)\n(0.001) SELECT `book_book`.`id`, `book_book`.`name`, `book_book`.`description`, `book_book`.`tag`, `book_book`.`created_at`, `book_book`.`updated_at` FROM `book_book` WHERE `book_book`.`id` = 1 LIMIT 21; args=(1,)\n'[<Book: Book object>]'\n\nlen\n>>> len(query)\n(0.004) SELECT `book_book`.`id`, `book_book`.`name`, `book_book`.`description`, `book_book`.`tag`, `book_book`.`created_at`, `book_book`.`updated_at` FROM `book_book` WHERE `book_book`.`id` = 1; args=(1,)\n1\n\nlist\n>>> list(query)\n(0.001) SELECT `book_book`.`id`, `book_book`.`name`, `book_book`.`description`, `book_book`.`tag`, `book_book`.`created_at`, `book_book`.`updated_at` FROM `book_book` WHERE `book_book`.`id` = 1; args=(1,)\n[<Book: Book object>]\n\n\u30c9\u30ad\u30e5\u30e1\u30f3\u30c8\u901a\u308a\u5404\u64cd\u4f5c\u3067\u30af\u30a8\u30ea\u30bb\u30c3\u30c8\u304c\u8a55\u4fa1\u3055\u308cSQL\u767a\u884c\u3055\u308c\u307e\u3057\u305f\u3002\n\n\u30ad\u30e3\u30c3\u30b7\u30e5\n\n1\u56de\u8a55\u4fa1\u3055\u308c\u305f\u30af\u30a8\u30ea\u30bb\u30c3\u30c8\u306f\u30ad\u30e3\u30c3\u30b7\u30e5\u3055\u308c\u3001\u518d\u5ea6\u8a55\u4fa1\u3055\u308c\u308b\u64cd\u4f5c\u3092\u3057\u3066\u3082SQL\u767a\u884c\u3055\u308c\u307e\u305b\u3093\u3002\n>>> query = Book.objects.filter(id=1)\n>>> list(query)\n(0.001) SELECT `book_book`.`id`, `book_book`.`name`, `book_book`.`description`, `book_book`.`tag`, `book_book`.`created_at`, `book_book`.`updated_at` FROM `book_book` WHERE `book_book`.`id` = 1; args=(1,)\n[<Book: Book object>]\n>>> list(query)\n[<Book: Book object>]\n>>> list(query)\n[<Book: Book object>]\n>>> query[:1]\n[<Book: Book object>]\n>>> len(query)\n1\n\n\u3053\u3053\u3067\u30ad\u30e3\u30c3\u30b7\u30e5\u3055\u308c\u308b\u306e\u306f\u30af\u30a8\u30ea\u30bb\u30c3\u30c8\u3067\u3042\u3063\u3066SQL\u3067\u306f\u306a\u3044\u306e\u3067\u6ce8\u610f\u304c\u5fc5\u8981\u3067\u3059\u3002\n>>> # \u30af\u30a8\u30ea\u30bb\u30c3\u30c8\u8a55\u4fa1\u7d50\u679c\u306f\u30ad\u30e3\u30c3\u30b7\u30e5\u3055\u308c\u308b\n>>> for i in xrange(1, 5):\n...   list(query)\n... \n[<Book: Book object>]\n[<Book: Book object>]\n[<Book: Book object>]\n[<Book: Book object>]\n[<Book: Book object>]\n\n>>> # SQL\u306e\u7d50\u679c\u81ea\u4f53\u306f\u30ad\u30e3\u30c3\u30b7\u30e5\u3055\u308c\u306a\u3044\n>>> for i in xrange(1, 5):\n...   list(Book.objects.filter(id=1))\n... \n(0.001) SELECT `book_book`.`id`, `book_book`.`name`, `book_book`.`description`, `book_book`.`tag`, `book_book`.`created_at`, `book_book`.`updated_at` FROM `book_book` WHERE `book_book`.`id` = 1; args=(1,)\n[<Book: Book object>]\n(0.002) SELECT `book_book`.`id`, `book_book`.`name`, `book_book`.`description`, `book_book`.`tag`, `book_book`.`created_at`, `book_book`.`updated_at` FROM `book_book` WHERE `book_book`.`id` = 1; args=(1,)\n[<Book: Book object>]\n(0.001) SELECT `book_book`.`id`, `book_book`.`name`, `book_book`.`description`, `book_book`.`tag`, `book_book`.`created_at`, `book_book`.`updated_at` FROM `book_book` WHERE `book_book`.`id` = 1; args=(1,)\n[<Book: Book object>]\n(0.002) SELECT `book_book`.`id`, `book_book`.`name`, `book_book`.`description`, `book_book`.`tag`, `book_book`.`created_at`, `book_book`.`updated_at` FROM `book_book` WHERE `book_book`.`id` = 1; args=(1,)\n[<Book: Book object>]\n(0.001) SELECT `book_book`.`id`, `book_book`.`name`, `book_book`.`description`, `book_book`.`tag`, `book_book`.`created_at`, `book_book`.`updated_at` FROM `book_book` WHERE `book_book`.`id` = 1; args=(1,)\n\n\u307e\u305f\u3001\u30af\u30a8\u30ea\u30bb\u30c3\u30c8\u306b\u6761\u4ef6\u8ffd\u52a0\u3057\u305f\u3082\u306e\u306f\u30ad\u30e3\u30c3\u30b7\u30e5\u3055\u308c\u307e\u305b\u3093\u3002\n(\u4e0b\u4f8b\u306fBook.objects.filter(id=1).order_by('id')\u3068\u7b49\u4fa1\u306a\u306e\u3067)\n>>> query.order_by('id')\n(0.001) SELECT `book_book`.`id`, `book_book`.`name`, `book_book`.`description`, `book_book`.`tag`, `book_book`.`created_at`, `book_book`.`updated_at` FROM `book_book` WHERE `book_book`.`id` = 1 ORDER BY `book_book`.`id` ASC LIMIT 21; args=(1,)\n[<Book: Book object>]\n>>> query.order_by('id')\n(0.001) SELECT `book_book`.`id`, `book_book`.`name`, `book_book`.`description`, `book_book`.`tag`, `book_book`.`created_at`, `book_book`.`updated_at` FROM `book_book` WHERE `book_book`.`id` = 1 ORDER BY `book_book`.`id` ASC LIMIT 21; args=(1,)\n[<Book: Book object>]\n\n\u3053\u306e\u5834\u5408\u306f\u6b21\u306e\u3088\u3046\u306b\u3059\u308c\u3070\u30ad\u30e3\u30c3\u30b7\u30e5\u3055\u308c\u307e\u3059\u3002\n>>> query2 = query.order_by('id')\n>>> list(query2)\n(0.001) SELECT `book_book`.`id`, `book_book`.`name`, `book_book`.`description`, `book_book`.`tag`, `book_book`.`created_at`, `book_book`.`updated_at` FROM `book_book` WHERE `book_book`.`id` = 1 ORDER BY `book_book`.`id` ASC; args=(1,)\n[<Book: Book object>]\n>>> list(query2)\n[<Book: Book object>]\n\n\u6b21\u306e\u3088\u3046\u306a\u9806\u756a\u3067\u3082\u767a\u884c\u3055\u308c\u308bSQL\u304c\u5909\u308f\u308b\u305f\u3081\u305d\u308c\u305e\u308c\u500b\u5225\u8a55\u4fa1\u306b\u306a\u308b\u3088\u3046\u3067\u3059\u3002\n>>> query = Book.objects.filter(id=1)\n>>> query[:1]\n(0.001) SELECT `book_book`.`id`, `book_book`.`name`, `book_book`.`description`, `book_book`.`tag`, `book_book`.`created_at`, `book_book`.`updated_at` FROM `book_book` WHERE `book_book`.`id` = 1 LIMIT 1; args=(1,)\n[<Book: Book object>]\n>>> list(query)\n(0.001) SELECT `book_book`.`id`, `book_book`.`name`, `book_book`.`description`, `book_book`.`tag`, `book_book`.`created_at`, `book_book`.`updated_at` FROM `book_book` WHERE `book_book`.`id` = 1; args=(1,)\n[<Book: Book object>]\n\nquery[:1]\u3092\u6700\u521d\u306b\u3059\u308b\u3068Book.objects.filter(id=1)\u306e\u30af\u30a8\u30ea\u306b\u5bfe\u3057\u3066Limit 1\u3092\u4ed8\u52a0\u3059\u308b\u305f\u3081\u3067\u3059\u3002\n\u305f\u3060\u3057\u3001list(query)\u306e\u5f8c\u306bquery[:1]\u3092\u3059\u308b\u3068list(query)\u306e\u30b9\u30e9\u30a4\u30b9\u3092\u53d6\u5f97\u3059\u308b\u305f\u3081\u30ad\u30e3\u30c3\u30b7\u30e5\u304c\u52b9\u304f\u6a21\u69d8\u3002\nDjango\u306e\u30af\u30a8\u30ea\u30bb\u30c3\u30c8\u8a55\u4fa1\u30bf\u30a4\u30df\u30f3\u30b0\nhttp://djangoproject.jp/doc/ja/1.0/ref/models/querysets.html\n\n\u5b9f\u969b\u306bSQL\u51fa\u3057\u306a\u304c\u3089\u691c\u8a3c\u3057\u3066\u3044\u304d\u307e\u3059\u3002\n\n**\u6e96\u5099**\n--\n\u74b0\u5883:\nPython 2.7.10\nDjango 1.9.7\nMySQL 5.6.30\n\n\u30c7\u30fc\u30bf:\n\u5358\u7d14\u306a\u66f8\u7c4d\u7ba1\u7406\u30af\u30e9\u30b9\u3092\u9069\u5f53\u306b\u4f5c\u6210\n\n```\nmysql> select * from book_book;\n+----+------+-------------+-----+----------------------------+----------------------------+\n| id | name | description | tag | created_at                 | updated_at                 |\n+----+------+-------------+-----+----------------------------+----------------------------+\n|  1 | A    | A's book    | A   | 2016-06-22 01:50:25.895551 | 2016-06-22 01:50:25.895986 |\n|  2 | B    | B's book    | B   | 2016-06-22 01:50:36.743094 | 2016-06-22 01:50:36.743139 |\n|  3 | C    | C's book    | C   | 2016-06-22 01:50:46.279098 | 2016-06-22 01:50:46.279141 |\n|  4 | D    | D's book    | D   | 2016-06-22 01:50:56.831194 | 2016-06-22 01:50:56.831237 |\n|  5 | E    | E's book    | E   | 2016-06-22 01:51:06.663500 | 2016-06-22 01:51:06.663562 |\n+----+------+-------------+-----+----------------------------+----------------------------+\n5 rows in set (0.00 sec)\n```\n\n\u767a\u884cSQL\u306e\u8868\u793a:\n\n```settings.py\nLOGGING = {\n    'version': 1,\n    'handlers': {\n        'console': {\n            'level': 'DEBUG',\n            'class': 'logging.StreamHandler',\n        },\n    },\n\n    'loggers': {\n        'django.db.backends': {\n            'level': 'DEBUG',\n            'handlers': ['console'],\n        },\n    }\n}\n```\n\n**\u5b9f\u8df5**\n--\n\n\u307e\u305a\u306fget\u3057\u3066\u307f\u307e\u3059\u3002\n\n```\n>>> query = Book.objects.get(id=1)\n(0.001) SELECT `book_book`.`id`, `book_book`.`name`, `book_book`.`description`, `book_book`.`tag`, `book_book`.`created_at`, `book_book`.`updated_at` FROM `book_book` WHERE `book_book`.`id` = 1; args=(1,)\n```\nget\u3067\u53d6\u5f97\u3057\u305f\u3089\u3044\u304d\u306a\u308aSQL\u304c\u767a\u884c\u3055\u308c\u307e\u3057\u305f\u3002\n\u3053\u308c\u306f\u3001\n\n```\n>>> type(query)\n<class 'book.models.Book'>\n```\n\u30af\u30a8\u30ea\u30bb\u30c3\u30c8\u3067\u306f\u306a\u304f\u30aa\u30d6\u30b8\u30a7\u30af\u30c8\u3067\u53d6\u5f97\u3055\u308c\u308b\u304b\u3089\u3067\u3059\u306d\n\n\u3053\u308c\u3092filter\u306b\u5909\u3048\u308b\u3068\n\n```\n>>> query = Book.objects.filter(id=1)\n>>> type(query)\n<class 'django.db.models.query.QuerySet'>\n```\n\u30af\u30a8\u30ea\u30bb\u30c3\u30c8\u3067\u53d6\u5f97\u3055\u308c\u3001\u3053\u306e\u6642\u70b9\u3067\u306fSQL\u306f\u767a\u884c\u3055\u305b\u307e\u305b\u3093\u3002\n\u3053\u308c\u306b\u30c9\u30ad\u30e5\u30e1\u30f3\u30c8\u306b\u5f93\u3063\u3066\u5404\u64cd\u4f5c\u3092\u3057\u3066\u3044\u304d\u307e\u3059\u3002\n\n**\u30a4\u30c6\u30ec\u30fc\u30b7\u30e7\u30f3**\n\n```\n>>> for book in query:\n...   print book\n... \n(0.001) SELECT `book_book`.`id`, `book_book`.`name`, `book_book`.`description`, `book_book`.`tag`, `book_book`.`created_at`, `book_book`.`updated_at` FROM `book_book` WHERE `book_book`.`id` = 1; args=(1,)\nBook object\n```\n\n**\u30b9\u30e9\u30a4\u30b9**\n\n```\n>>> query[:1]\n(0.001) SELECT `book_book`.`id`, `book_book`.`name`, `book_book`.`description`, `book_book`.`tag`, `book_book`.`created_at`, `book_book`.`updated_at` FROM `book_book` WHERE `book_book`.`id` = 1 LIMIT 1; args=(1,)\n[<Book: Book object>]\n```\n\n**repr**\n\n```\n>>> repr(query)\n(0.001) SELECT `book_book`.`id`, `book_book`.`name`, `book_book`.`description`, `book_book`.`tag`, `book_book`.`created_at`, `book_book`.`updated_at` FROM `book_book` WHERE `book_book`.`id` = 1 LIMIT 21; args=(1,)\n'[<Book: Book object>]'\n```\n\n**len**\n\n```\n>>> len(query)\n(0.004) SELECT `book_book`.`id`, `book_book`.`name`, `book_book`.`description`, `book_book`.`tag`, `book_book`.`created_at`, `book_book`.`updated_at` FROM `book_book` WHERE `book_book`.`id` = 1; args=(1,)\n1\n```\n\n**list**\n\n```\n>>> list(query)\n(0.001) SELECT `book_book`.`id`, `book_book`.`name`, `book_book`.`description`, `book_book`.`tag`, `book_book`.`created_at`, `book_book`.`updated_at` FROM `book_book` WHERE `book_book`.`id` = 1; args=(1,)\n[<Book: Book object>]\n```\n\u30c9\u30ad\u30e5\u30e1\u30f3\u30c8\u901a\u308a\u5404\u64cd\u4f5c\u3067\u30af\u30a8\u30ea\u30bb\u30c3\u30c8\u304c\u8a55\u4fa1\u3055\u308cSQL\u767a\u884c\u3055\u308c\u307e\u3057\u305f\u3002\n\n**\u30ad\u30e3\u30c3\u30b7\u30e5**\n--\n1\u56de\u8a55\u4fa1\u3055\u308c\u305f\u30af\u30a8\u30ea\u30bb\u30c3\u30c8\u306f\u30ad\u30e3\u30c3\u30b7\u30e5\u3055\u308c\u3001\u518d\u5ea6\u8a55\u4fa1\u3055\u308c\u308b\u64cd\u4f5c\u3092\u3057\u3066\u3082SQL\u767a\u884c\u3055\u308c\u307e\u305b\u3093\u3002\n\n```\n>>> query = Book.objects.filter(id=1)\n>>> list(query)\n(0.001) SELECT `book_book`.`id`, `book_book`.`name`, `book_book`.`description`, `book_book`.`tag`, `book_book`.`created_at`, `book_book`.`updated_at` FROM `book_book` WHERE `book_book`.`id` = 1; args=(1,)\n[<Book: Book object>]\n>>> list(query)\n[<Book: Book object>]\n>>> list(query)\n[<Book: Book object>]\n>>> query[:1]\n[<Book: Book object>]\n>>> len(query)\n1\n```\n\n\u3053\u3053\u3067\u30ad\u30e3\u30c3\u30b7\u30e5\u3055\u308c\u308b\u306e\u306f\u30af\u30a8\u30ea\u30bb\u30c3\u30c8\u3067\u3042\u3063\u3066SQL\u3067\u306f\u306a\u3044\u306e\u3067\u6ce8\u610f\u304c\u5fc5\u8981\u3067\u3059\u3002\n\n```\n>>> # \u30af\u30a8\u30ea\u30bb\u30c3\u30c8\u8a55\u4fa1\u7d50\u679c\u306f\u30ad\u30e3\u30c3\u30b7\u30e5\u3055\u308c\u308b\n>>> for i in xrange(1, 5):\n...   list(query)\n... \n[<Book: Book object>]\n[<Book: Book object>]\n[<Book: Book object>]\n[<Book: Book object>]\n[<Book: Book object>]\n```\n\n```\n>>> # SQL\u306e\u7d50\u679c\u81ea\u4f53\u306f\u30ad\u30e3\u30c3\u30b7\u30e5\u3055\u308c\u306a\u3044\n>>> for i in xrange(1, 5):\n...   list(Book.objects.filter(id=1))\n... \n(0.001) SELECT `book_book`.`id`, `book_book`.`name`, `book_book`.`description`, `book_book`.`tag`, `book_book`.`created_at`, `book_book`.`updated_at` FROM `book_book` WHERE `book_book`.`id` = 1; args=(1,)\n[<Book: Book object>]\n(0.002) SELECT `book_book`.`id`, `book_book`.`name`, `book_book`.`description`, `book_book`.`tag`, `book_book`.`created_at`, `book_book`.`updated_at` FROM `book_book` WHERE `book_book`.`id` = 1; args=(1,)\n[<Book: Book object>]\n(0.001) SELECT `book_book`.`id`, `book_book`.`name`, `book_book`.`description`, `book_book`.`tag`, `book_book`.`created_at`, `book_book`.`updated_at` FROM `book_book` WHERE `book_book`.`id` = 1; args=(1,)\n[<Book: Book object>]\n(0.002) SELECT `book_book`.`id`, `book_book`.`name`, `book_book`.`description`, `book_book`.`tag`, `book_book`.`created_at`, `book_book`.`updated_at` FROM `book_book` WHERE `book_book`.`id` = 1; args=(1,)\n[<Book: Book object>]\n(0.001) SELECT `book_book`.`id`, `book_book`.`name`, `book_book`.`description`, `book_book`.`tag`, `book_book`.`created_at`, `book_book`.`updated_at` FROM `book_book` WHERE `book_book`.`id` = 1; args=(1,)\n```\n\n\u307e\u305f\u3001\u30af\u30a8\u30ea\u30bb\u30c3\u30c8\u306b\u6761\u4ef6\u8ffd\u52a0\u3057\u305f\u3082\u306e\u306f\u30ad\u30e3\u30c3\u30b7\u30e5\u3055\u308c\u307e\u305b\u3093\u3002\n(\u4e0b\u4f8b\u306fBook.objects.filter(id=1).order_by('id')\u3068\u7b49\u4fa1\u306a\u306e\u3067)\n\n```\n>>> query.order_by('id')\n(0.001) SELECT `book_book`.`id`, `book_book`.`name`, `book_book`.`description`, `book_book`.`tag`, `book_book`.`created_at`, `book_book`.`updated_at` FROM `book_book` WHERE `book_book`.`id` = 1 ORDER BY `book_book`.`id` ASC LIMIT 21; args=(1,)\n[<Book: Book object>]\n>>> query.order_by('id')\n(0.001) SELECT `book_book`.`id`, `book_book`.`name`, `book_book`.`description`, `book_book`.`tag`, `book_book`.`created_at`, `book_book`.`updated_at` FROM `book_book` WHERE `book_book`.`id` = 1 ORDER BY `book_book`.`id` ASC LIMIT 21; args=(1,)\n[<Book: Book object>]\n```\n\n\u3053\u306e\u5834\u5408\u306f\u6b21\u306e\u3088\u3046\u306b\u3059\u308c\u3070\u30ad\u30e3\u30c3\u30b7\u30e5\u3055\u308c\u307e\u3059\u3002\n\n```\n>>> query2 = query.order_by('id')\n>>> list(query2)\n(0.001) SELECT `book_book`.`id`, `book_book`.`name`, `book_book`.`description`, `book_book`.`tag`, `book_book`.`created_at`, `book_book`.`updated_at` FROM `book_book` WHERE `book_book`.`id` = 1 ORDER BY `book_book`.`id` ASC; args=(1,)\n[<Book: Book object>]\n>>> list(query2)\n[<Book: Book object>]\n```\n\n\u6b21\u306e\u3088\u3046\u306a\u9806\u756a\u3067\u3082\u767a\u884c\u3055\u308c\u308bSQL\u304c\u5909\u308f\u308b\u305f\u3081\u305d\u308c\u305e\u308c\u500b\u5225\u8a55\u4fa1\u306b\u306a\u308b\u3088\u3046\u3067\u3059\u3002\n\n```\n>>> query = Book.objects.filter(id=1)\n>>> query[:1]\n(0.001) SELECT `book_book`.`id`, `book_book`.`name`, `book_book`.`description`, `book_book`.`tag`, `book_book`.`created_at`, `book_book`.`updated_at` FROM `book_book` WHERE `book_book`.`id` = 1 LIMIT 1; args=(1,)\n[<Book: Book object>]\n>>> list(query)\n(0.001) SELECT `book_book`.`id`, `book_book`.`name`, `book_book`.`description`, `book_book`.`tag`, `book_book`.`created_at`, `book_book`.`updated_at` FROM `book_book` WHERE `book_book`.`id` = 1; args=(1,)\n[<Book: Book object>]\n```\nquery[:1]\u3092\u6700\u521d\u306b\u3059\u308b\u3068Book.objects.filter(id=1)\u306e\u30af\u30a8\u30ea\u306b\u5bfe\u3057\u3066Limit 1\u3092\u4ed8\u52a0\u3059\u308b\u305f\u3081\u3067\u3059\u3002\n\u305f\u3060\u3057\u3001list(query)\u306e\u5f8c\u306bquery[:1]\u3092\u3059\u308b\u3068list(query)\u306e\u30b9\u30e9\u30a4\u30b9\u3092\u53d6\u5f97\u3059\u308b\u305f\u3081\u30ad\u30e3\u30c3\u30b7\u30e5\u304c\u52b9\u304f\u6a21\u69d8\u3002\n", "tags": ["Python", "Django"]}