{"tags": ["MySQL", "UNIX"], "context": " More than 1 year has passed since last update.UNIX_TIMESTAMP\u306e\u633f\u5165\n\nmysql> INSERT INTO abc (id, timestamp) VALUES ('', UNIX_TIMESTAMP());\n\nMySQL\u3067\u30bf\u30a4\u30e0\u30b9\u30bf\u30f3\u30d7\u78ba\u8a8d\u65b9\u6cd5\nmysql> SELECT NOW() AS DATETIME;\n+---------------------+\n| DATETIME            |\n+---------------------+\n| 2014-01-20 17:25:27 |\n+---------------------+\n1 row in set (0.00 sec)\n\nmysql> SELECT UNIX_TIMESTAMP() AS TIMESTAMP;\n+------------+\n| TIMESTAMP  |\n+------------+\n| 1390206355 |\n+------------+\n1 row in set (0.00 sec)\n\nmysql> SELECT UNIX_TIMESTAMP('2013-06-15 19:37:33') AS TIMESTAMP;\n+------------+\n| TIMESTAMP  |\n+------------+\n| 1371292653 |\n+------------+\n1 row in set (0.00 sec)\n\nmysql> SELECT FROM_UNIXTIME(1371292653) AS DATETIME;\n+---------------------+\n| DATETIME            |\n+---------------------+\n| 2013-06-15 19:37:33 |\n+---------------------+\n1 row in set (0.00 sec)\n\nUNIX_TIMESTAMP\u306e\u633f\u5165\n\n```\n\nmysql> INSERT INTO abc (id, timestamp) VALUES ('', UNIX_TIMESTAMP());\n```\n\nMySQL\u3067\u30bf\u30a4\u30e0\u30b9\u30bf\u30f3\u30d7\u78ba\u8a8d\u65b9\u6cd5\n\n```\nmysql> SELECT NOW() AS DATETIME;\n+---------------------+\n| DATETIME            |\n+---------------------+\n| 2014-01-20 17:25:27 |\n+---------------------+\n1 row in set (0.00 sec)\n\nmysql> SELECT UNIX_TIMESTAMP() AS TIMESTAMP;\n+------------+\n| TIMESTAMP  |\n+------------+\n| 1390206355 |\n+------------+\n1 row in set (0.00 sec)\n\nmysql> SELECT UNIX_TIMESTAMP('2013-06-15 19:37:33') AS TIMESTAMP;\n+------------+\n| TIMESTAMP  |\n+------------+\n| 1371292653 |\n+------------+\n1 row in set (0.00 sec)\n\nmysql> SELECT FROM_UNIXTIME(1371292653) AS DATETIME;\n+---------------------+\n| DATETIME            |\n+---------------------+\n| 2013-06-15 19:37:33 |\n+---------------------+\n1 row in set (0.00 sec)\n```"}