{"context": "\n\n\u3010\u30a8\u30f3\u30b8\u30cb\u30a2\u6559\u6750\u3011MySQL\u7de8(1) WHERE\u53e5\u306b\u3064\u3044\u3066 (\u7b49\u53f7,\u4e0d\u7b49\u53f7,BETWEEN,LIKE,IN,IS NULL)\n\n\u307e\u3048\u304c\u304d\n\u3053\u306e\u30c9\u30ad\u30e5\u30e1\u30f3\u30c8\u306f\u793e\u54e1\u3084\u30a4\u30f3\u30bf\u30fc\u30f3\u751f\u3092\u6559\u80b2\u3059\u308b\u305f\u3081\u306b\u4f5c\u6210\u3057\u305f\u3082\u306e\u3067\u3059\u304c\u3001\n\u305c\u3072\u793e\u5916\u306e\u4eba\u306b\u3082\u898b\u3066\u3044\u305f\u3060\u304d\u305f\u3044\u3068\u601d\u3044\u516c\u958b\u3044\u305f\u3057\u307e\u3057\u305f\u3002\n\u3061\u3087\u3053\u3061\u3087\u3053\u66f4\u65b0\u3057\u307e\u3059\u306e\u3067\u30ea\u30af\u30a8\u30b9\u30c8\u306a\u3069\u3054\u3056\u3044\u307e\u3057\u305f\u3089\u304a\u6c17\u8efd\u306b\u304a\u7533\u3057\u4ed8\u3051\u4e0b\u3055\u3044\u3002\n\u4f53\u7cfb\u7684\u306b\u66f8\u304d\u9032\u3081\u3066\u3044\u304f\u306e\u3067\u30ea\u30af\u30a8\u30b9\u30c8\u3057\u3066\u3044\u305f\u3060\u3044\u305f\u3082\u306e\u306b\u3064\u3044\u3066\u3059\u3050\u304b\u3051\u308b\u4fdd\u8a3c\u306f\u3054\u3056\u3044\u307e\u305b\u3093\u306e\u3067\u3054\u7406\u89e3\u3068\u3054\u4e86\u627f\u306e\u307b\u3069\u3088\u308d\u3057\u304f\u304a\u9858\u3044\u3044\u305f\u3057\u307e\u3059\u3002\n\u3082\u3057\u5f79\u306b\u7acb\u3063\u305f\u3089\u3001\u3044\u3044\u306d\uff01\u3084\u30b9\u30c8\u30c3\u30af\u3092\u3057\u3066\u3082\u3089\u3048\u308b\u3068\u52b1\u307f\u306b\u306a\u308a\u307e\u3059m(_ _)m\n\u3061\u306a\u307f\u306b\u30d7\u30ed\u30d5\u30a3\u30fc\u30eb\u306f\u3053\u3061\u3089\u3002\nhttps://www.wantedly.com/users/1955894\n\nSELECT\u6587\u3067WHERE\u53e5\u3092\u4f7f\u3063\u3066\u6761\u4ef6\u3092\u7d5e\u3063\u3066\u30ec\u30b3\u30fc\u30c9\u3092\u53d6\u5f97\u3059\u308b\n\u4eca\u56de\u306fSELECT\u6587\u3067WHERE\u53e5\u3092\u4f7f\u3063\u3066\u6761\u4ef6\u3092\u7d5e\u3063\u3066\u30ec\u30b3\u30fc\u30c9\u3092\u53d6\u5f97\u3059\u308b\u3068\u3044\u3046\u3053\u3068\u3092\u3084\u3063\u3066\u898b\u307e\u3059\u3002\n\u306f\u3058\u3081\u306b\u30c7\u30fc\u30bf\u3092\u7528\u610f\u3057\u307e\u3059\u3002\n\u4eca\u56de\u306f\u30c6\u30b9\u30c8\u7528\u306e\u30c7\u30fc\u30bf\u3092\u30e9\u30f3\u30c0\u30e0\u306b\u751f\u6210\u3057\u3066\u304f\u308c\u308b\u3053\u3061\u3089\u306e\u30b5\u30a4\u30c8\u3092\u7528\u3044\u3066\u30c7\u30fc\u30bf\u3092\u30a4\u30f3\u30dd\u30fc\u30c8\u3057\u307e\u3057\u305f\u3002\nhttp://kazina.com/dummy/index.html\n\u540c\u3058\u30c7\u30fc\u30bf\u3092\u7528\u3044\u3066\u8a66\u3057\u3066\u898b\u305f\u3044\u3068\u3044\u3046\u65b9\u306f\u6b21\u306eSQL\u3092\u5b9f\u884c\u3057\u3066\u30c7\u30fc\u30bf\u3092\u5165\u308c\u3066\u898b\u3066\u304f\u3060\u3055\u3044\u3002\nCREATE TABLE `users` (\n  `id` int(11) unsigned NOT NULL AUTO_INCREMENT,\n  `name` varchar(100) DEFAULT NULL,\n  `name_kana` varchar(100) DEFAULT NULL,\n  `email` varchar(100) DEFAULT NULL,\n  `gender` varchar(10) DEFAULT NULL,\n  `age` int(11) DEFAULT NULL,\n  `blood_type` varchar(10) DEFAULT NULL,\n  `birthday` varchar(20) DEFAULT NULL,\n  PRIMARY KEY (`id`)\n) ENGINE=InnoDB DEFAULT CHARSET=utf8mb4;\n\nINSERT INTO `users` (`id`, `name`, `name_kana`, `email`, `gender`, `age`, `blood_type`, `birthday`)\nVALUES\n    (1,'\u5927\u6751\u90c1\u6075','\u304a\u304a\u3080\u3089\u3044\u304f\u3048','oomuraikue@example.com','F',39,'B','1978/1/23'),\n    (2,'\u7247\u5ca1\u5bff\u660e','\u304b\u305f\u304a\u304b\u3068\u3057\u3042\u304d','kataokatoshiaki@example.com','M',21,'A','1995/4/21'),\n    (3,'\u5ca1\u5cf6\u614e\u4e4b\u4ecb','\u304a\u304b\u3058\u307e\u3057\u3093\u306e\u3059\u3051','okajimashinnosuke@example.com','M',20,'O','1997/2/4'),\n    (4,'\u4e2d\u7530\u82f1\u55e3','\u306a\u304b\u305f\u3072\u3067\u3064\u3050','nakatahidetsugu@example.com','M',23,'AB','1994/1/3'),\n    (5,'\u85e4\u6751\u6dbc\u5b50','\u3075\u3058\u3080\u3089\u308a\u3087\u3046\u3053','fujimuraryouko@example.com','F',33,'O','1984/1/28'),\n    (6,'\u76f8\u5ddd\u4e00\u8f1d','\u3042\u3044\u304b\u308f\u304b\u305a\u304d','aikawakazuki@example.com','M',35,'A','1981/8/18'),\n    (7,'\u91ce\u5d0e\u7531\u7f8e\u5b50','\u306e\u3056\u304d\u3086\u307f\u3053','nozakiyumiko@example.com','F',12,'O','2005/1/20'),\n    (8,'\u4e95\u53e3\u611b\u5b50','\u3044\u3050\u3061\u3042\u3044\u3053','iguchiaiko@example.com','F',18,'B','1998/8/6'),\n    (9,'\u5c0f\u68ee\u611b','\u3053\u3082\u308a\u3042\u3044','komoriai@example.com','F',30,'O','1986/7/17'),\n    (10,'\u90a3\u9808\u7531\u7f8e\u5b50','\u306a\u3059\u3086\u307f\u3053','nasuyumiko@example.com','F',13,'A','2003/10/5');\n\n\u3067\u306f\u306f\u3058\u3081\u3066\u3044\u304d\u307e\u3059\u3002\n\n\u5168\u4ef6\u5168\u30ab\u30e9\u30e0\u53d6\u5f97\u3059\u308b\u3002\nSELECT * FROM \u30c6\u30fc\u30d6\u30eb\u540d;\n\nSELECT\u6587\u306e\u57fa\u672c\u4e2d\u306e\u57fa\u672c\u3067\u3059\u3002\n*\u3068\u3044\u3046\u306e\u304c\u5168\u3066\u306e\u30ab\u30e9\u30e0\u3068\u3044\u3046\u610f\u5473\u306b\u306a\u308a\u307e\u3059\u3002\n\u5b9f\u884c\u4f8b\nmysql> select * from users;\n+----+-----------------+-----------------------------+-------------------------------+--------+------+------------+-----------+\n| id | name            | name_kana                   | email                         | gender | age  | blood_type | birthday  |\n+----+-----------------+-----------------------------+-------------------------------+--------+------+------------+-----------+\n|  1 | \u5927\u6751\u90c1\u6075        | \u304a\u304a\u3080\u3089\u3044\u304f\u3048              | oomuraikue@example.com        | F      |   39 | B          | 1978/1/23 |\n|  2 | \u7247\u5ca1\u5bff\u660e        | \u304b\u305f\u304a\u304b\u3068\u3057\u3042\u304d            | kataokatoshiaki@example.com   | M      |   21 | A          | 1995/4/21 |\n|  3 | \u5ca1\u5cf6\u614e\u4e4b\u4ecb      | \u304a\u304b\u3058\u307e\u3057\u3093\u306e\u3059\u3051          | okajimashinnosuke@example.com | M      |   20 | O          | 1997/2/4  |\n|  4 | \u4e2d\u7530\u82f1\u55e3        | \u306a\u304b\u305f\u3072\u3067\u3064\u3050              | nakatahidetsugu@example.com   | M      |   23 | AB         | 1994/1/3  |\n|  5 | \u85e4\u6751\u6dbc\u5b50        | \u3075\u3058\u3080\u3089\u308a\u3087\u3046\u3053            | fujimuraryouko@example.com    | F      |   33 | O          | 1984/1/28 |\n|  6 | \u76f8\u5ddd\u4e00\u8f1d        | \u3042\u3044\u304b\u308f\u304b\u305a\u304d              | aikawakazuki@example.com      | M      |   35 | A          | 1981/8/18 |\n|  7 | \u91ce\u5d0e\u7531\u7f8e\u5b50      | \u306e\u3056\u304d\u3086\u307f\u3053                | nozakiyumiko@example.com      | F      |   12 | O          | 2005/1/20 |\n|  8 | \u4e95\u53e3\u611b\u5b50        | \u3044\u3050\u3061\u3042\u3044\u3053                | iguchiaiko@example.com        | F      |   18 | B          | 1998/8/6  |\n|  9 | \u5c0f\u68ee\u611b          | \u3053\u3082\u308a\u3042\u3044                  | komoriai@example.com          | F      |   30 | O          | 1986/7/17 |\n| 10 | \u90a3\u9808\u7531\u7f8e\u5b50      | \u306a\u3059\u3086\u307f\u3053                  | nasuyumiko@example.com        | F      |   13 | A          | 2003/10/5 |\n+----+-----------------+-----------------------------+-------------------------------+--------+------+------------+-----------+\n10 rows in set (0.00 sec)\n\n\n\u30ab\u30e9\u30e0\u540d\u3092\u6307\u5b9a\u3057\u3066\u7279\u5b9a\u306e\u30ab\u30e9\u30e0\u3060\u3051\u5168\u4ef6\u53d6\u5f97\u3059\u308b\u3002\nSELECT \u30ab\u30e9\u30e0\u540d1 [,\u30ab\u30e9\u30e0\u540d2, ...] FROM \u30c6\u30fc\u30d6\u30eb\u540d;\n\u5168\u30ab\u30e9\u30e0\u53d6\u5f97\u3059\u308b\u5fc5\u8981\u304c\u306a\u3044\u3068\u304d\u306f\u30ab\u30e9\u30e0\u540d\u3092\u6307\u5b9a\u3057\u3066\u3042\u3052\u308b\u3053\u3068\u304c\u3067\u304d\u307e\u3059\u3002\n\u8907\u6570\u30ab\u30e9\u30e0\u3057\u3066\u3044\u3057\u305f\u3044\u3068\u304d\u306f\u30ab\u30f3\u30de\u533a\u5207\u308a\u3067\u6307\u5b9a\u3057\u307e\u3059\u3002\n\u4f8b\uff1a\u5168\u30ec\u30b3\u30fc\u30c9\u306eid\u3068\u540d\u524d\u306e\u4e00\u89a7\u3060\u3051\u53d6\u5f97\u3059\u308b\u3002\nmysql> select id,name from users;\n+----+-----------------+\n| id | name            |\n+----+-----------------+\n|  1 | \u5927\u6751\u90c1\u6075        |\n|  2 | \u7247\u5ca1\u5bff\u660e        |\n|  3 | \u5ca1\u5cf6\u614e\u4e4b\u4ecb      |\n|  4 | \u4e2d\u7530\u82f1\u55e3        |\n|  5 | \u85e4\u6751\u6dbc\u5b50        |\n|  6 | \u76f8\u5ddd\u4e00\u8f1d        |\n|  7 | \u91ce\u5d0e\u7531\u7f8e\u5b50      |\n|  8 | \u4e95\u53e3\u611b\u5b50        |\n|  9 | \u5c0f\u68ee\u611b          |\n| 10 | \u90a3\u9808\u7531\u7f8e\u5b50      |\n+----+-----------------+\n10 rows in set (0.00 sec)\n\n\nWHERE\u53e5\u3092\u7528\u3044\u3066\u7279\u5b9a\u306e\u6761\u4ef6\u306b\u4e00\u81f4\u3059\u308b\u3082\u306e\u3092\u5168\u4ef6\u53d6\u5f97\u3059\u308b\u3002\nWHERE\u53e5\u3092\u3042\u308b\u7a0b\u5ea6\u4e00\u822c\u5316\u3057\u3066\u8868\u73fe\u3059\u308b\u3068\u3057\u305f\u3089\u6b21\u306e\u3088\u3046\u306b\u306a\u308a\u307e\u3059\u3002\nSELECT \u53d6\u5f97\u3057\u305f\u3044\u60c5\u5831 from \u30c6\u30fc\u30d6\u30eb\u540d WHERE \u6761\u4ef6;\nWHERE\u53e5\u3067\u306f\u3055\u307e\u3056\u307e\u6761\u4ef6\u3092\u6307\u5b9a\u3059\u308b\u3053\u3068\u304c\u3067\u304d\u307e\u3059\u3002\n\u305f\u3068\u3048\u3070\u3001name\u304c\u5927\u6751\u90c1\u6075\u306e\u30ec\u30b3\u30fc\u30c9\u3092\u53d6\u5f97\u3057\u305f\u3044\u3068\u304d\u306f\u6b21\u306e\u3088\u3046\u306b\u306a\u308a\u307e\u3059\u3002\n\u4f8b\uff1aname\u304c\u5927\u6751\u90c1\u6075\u306e\u30ec\u30b3\u30fc\u30c9\u3092\u53d6\u5f97\u3059\u308b\u3002\nmysql> SELECT * FROM users WHERE name = \"\u5927\u6751\u90c1\u6075\";\n+----+--------------+-----------------------+------------------------+--------+------+------------+-----------+\n| id | name         | name_kana             | email                  | gender | age  | blood_type | birthday  |\n+----+--------------+-----------------------+------------------------+--------+------+------------+-----------+\n|  1 | \u5927\u6751\u90c1\u6075     | \u304a\u304a\u3080\u3089\u3044\u304f\u3048        | oomuraikue@example.com | F      |   39 | B          | 1978/1/23 |\n+----+--------------+-----------------------+------------------------+--------+------+------------+-----------+\n1 row in set (0.00 sec)\n\n\u3053\u306e\u3088\u3046\u306b\u7279\u5b9a\u306e\u30ab\u30e9\u30e0\u304c\u7279\u5b9a\u306e\u5024\u3068\u4e00\u81f4\u3059\u308b\u3068\u3044\u3046\u6761\u4ef6\u3092\u6307\u5b9a\u3057\u305f\u3044\u3068\u304d\u306f\nWHERE\u53e5\u3067\u306f\u300c\u30ab\u30e9\u30e0\u540d = \u5024\u300d\u3068\u3059\u308c\u3070\u3088\u3044\u3053\u3068\u304c\u308f\u304b\u308a\u307e\u3059\u3002\n\u4eca\u56de\u306f\u57fa\u672c\u7684\u306a\u4f8b\u3092\u7d39\u4ecb\u3059\u308b\u305f\u3081\u300c\u30ab\u30e9\u30e0\u540d = \u5024\u300d\u3068\u3057\u307e\u3057\u305f\u304c\u3001\n\u300c\u30ab\u30e9\u30e0\u540d1 = \u30ab\u30e9\u30e0\u540d2\u300d\u3084\u300c\u50241 = \u50242\u300d\u306a\u3069\u3001\n\u3061\u3083\u3093\u3068\u6761\u4ef6\u5f0f\u3068\u3057\u3066\u306e\u4f53\u88c1\u3092\u5b88\u3063\u3066\u3044\u308c\u3070\u81ea\u7531\u306b\u66f8\u3051\u307e\u3059\u3002\n\u6761\u4ef6\u3092\u8907\u6570\u6307\u5b9a\u3057\u305f\u3044\u6642\u306fAND\u3067\u3064\u306a\u304e\u307e\u3059\u3002\n\u4f8b\uff1agender\uff08\u6027\u5225\uff09\u304cF\uff08\u5973\u6027\uff09\u3001\u304b\u3064blood_type\uff08\u8840\u6db2\u578b\uff09\u304cB\uff08\u578b\uff09\u306e\u30ec\u30b3\u30fc\u30c9\u3092\u53d6\u5f97\u3059\u308b\u3002\nmysql> SELECT * FROM users WHERE gender = \"F\" AND blood_type = \"B\";\n+----+--------------+-----------------------+------------------------+--------+------+------------+-----------+\n| id | name         | name_kana             | email                  | gender | age  | blood_type | birthday  |\n+----+--------------+-----------------------+------------------------+--------+------+------------+-----------+\n|  1 | \u5927\u6751\u90c1\u6075     | \u304a\u304a\u3080\u3089\u3044\u304f\u3048        | oomuraikue@example.com | F      |   39 | B          | 1978/1/23 |\n|  8 | \u4e95\u53e3\u611b\u5b50     | \u3044\u3050\u3061\u3042\u3044\u3053          | iguchiaiko@example.com | F      |   18 | B          | 1998/8/6  |\n+----+--------------+-----------------------+------------------------+--------+------+------------+-----------+\n2 rows in set (0.00 sec)\n\n\n\u4e0d\u7b49\u53f7\u306a\u3069\u3092\u7528\u3044\u305f\u6761\u4ef6\u3067\u30ec\u30b3\u30fc\u30c9\u3092\u53d6\u5f97\u3059\u308b\u3002\n\u4e0a\u3067\u306f\u300c=\u300d\u3092\u7528\u3044\u307e\u3057\u305f\u304c\u3001\u4ed6\u306e\u6f14\u7b97\u5b50\u3082SQL\u3067\u4f7f\u7528\u3059\u308b\u3053\u3068\u304c\u3067\u304d\u307e\u3059\u3002\n\u4f8b\uff1a20\u6b73\u4ee5\u4e0a\u306e\u30ec\u30b3\u30fc\u30c9\u3092\u5168\u4ef6\u53d6\u5f97\u3059\u308b\u3002\nmysql> SELECT * FROM users WHERE age >= 20;\n+----+-----------------+-----------------------------+-------------------------------+--------+------+------------+-----------+\n| id | name            | name_kana                   | email                         | gender | age  | blood_type | birthday  |\n+----+-----------------+-----------------------------+-------------------------------+--------+------+------------+-----------+\n|  1 | \u5927\u6751\u90c1\u6075        | \u304a\u304a\u3080\u3089\u3044\u304f\u3048              | oomuraikue@example.com        | F      |   39 | B          | 1978/1/23 |\n|  2 | \u7247\u5ca1\u5bff\u660e        | \u304b\u305f\u304a\u304b\u3068\u3057\u3042\u304d            | kataokatoshiaki@example.com   | M      |   21 | A          | 1995/4/21 |\n|  3 | \u5ca1\u5cf6\u614e\u4e4b\u4ecb      | \u304a\u304b\u3058\u307e\u3057\u3093\u306e\u3059\u3051          | okajimashinnosuke@example.com | M      |   20 | O          | 1997/2/4  |\n|  4 | \u4e2d\u7530\u82f1\u55e3        | \u306a\u304b\u305f\u3072\u3067\u3064\u3050              | nakatahidetsugu@example.com   | M      |   23 | AB         | 1994/1/3  |\n|  5 | \u85e4\u6751\u6dbc\u5b50        | \u3075\u3058\u3080\u3089\u308a\u3087\u3046\u3053            | fujimuraryouko@example.com    | F      |   33 | O          | 1984/1/28 |\n|  6 | \u76f8\u5ddd\u4e00\u8f1d        | \u3042\u3044\u304b\u308f\u304b\u305a\u304d              | aikawakazuki@example.com      | M      |   35 | A          | 1981/8/18 |\n|  9 | \u5c0f\u68ee\u611b          | \u3053\u3082\u308a\u3042\u3044                  | komoriai@example.com          | F      |   30 | O          | 1986/7/17 |\n+----+-----------------+-----------------------------+-------------------------------+--------+------+------------+-----------+\n7 rows in set (0.00 sec)\n\n\u4ed6\u306b\u3082\u3053\u306e\u3088\u3046\u306a\u6f14\u7b97\u5b50\u3092\u4f7f\u7528\u3059\u308b\u3053\u3068\u304c\u3067\u304d\u307e\u3059\u3002\n\u6c17\u306b\u306a\u308b\u65b9\u306f\u8a66\u3057\u3066\u898b\u3066\u304f\u3060\u3055\u3044\u3002\n\n\n\n\u540d\u524d\n\u8aac\u660e\n\n\n\n\n=\n\u7b49\u3057\u3044\u304b\u3069\u3046\u304b\u3092\u691c\u67fb\u3057\u307e\u3059\u3002\n\n\n!=, <>\n\u7b49\u3057\u304f\u306a\u3044\u304b\u3069\u3046\u304b\u3092\u691c\u67fb\u3057\u307e\u3059\u3002\n\n\n>\n\u3088\u308a\u5927\u304d\u3044\u304b\u3069\u3046\u304b\u3092\u691c\u67fb\u3057\u307e\u3059\u3002\n\n\n>=\n\u3088\u308a\u5927\u304d\u3044\u304b\u307e\u305f\u306f\u7b49\u3057\u3044\u304b\u3092\u691c\u67fb\u3057\u307e\u3059\u3002\n\n\n<\n\u3088\u308a\u5c0f\u3055\u3044\u304b\u3069\u3046\u304b\u3092\u691c\u67fb\u3057\u307e\u3059\u3002\n\n\n<=\n\u3088\u308a\u5c0f\u3055\u3044\u304b\u307e\u305f\u306f\u7b49\u3057\u3044\u304b\u3092\u691c\u67fb\u3057\u307e\u3059\u3002\n\n\n\n\nBETWEEN\u3092\u7528\u3044\u305f\u6761\u4ef6\u3067\u30ec\u30b3\u30fc\u30c9\u3092\u53d6\u5f97\u3059\u308b\u3002\n\u25cb\u25cb\u4ee5\u4e0a\u25cb\u25cb\u4ee5\u4e0b\u3068\u3044\u3046\u6761\u4ef6\u306fBETWEEN\u3092\u7528\u3044\u3066\u3082\u66f8\u304f\u3053\u3068\u304c\u3067\u304d\u307e\u3059\u3002\n\u6570\u5b57\u306f\u4e0b\u9650\u3001\u4e0a\u9650\u306e\u9806\u756a\u3067\u306a\u3044\u3068\u3046\u307e\u304f\u3044\u304b\u306a\u3044\u306e\u3067\u6ce8\u610f\u3057\u307e\u3057\u3087\u3046\u3002\n\u4f8b\uff1a20\u6b73\u4ee5\u4e0a30\u6b73\u4ee5\u4e0b\u306e\u30ec\u30b3\u30fc\u30c9\u3092\u5168\u4ef6\u53d6\u5f97\u3059\u308b\u3002\nmysql> SELECT * FROM users WHERE age BETWEEN 20 AND 30;\n+----+-----------------+-----------------------------+-------------------------------+--------+------+------------+-----------+\n| id | name            | name_kana                   | email                         | gender | age  | blood_type | birthday  |\n+----+-----------------+-----------------------------+-------------------------------+--------+------+------------+-----------+\n|  2 | \u7247\u5ca1\u5bff\u660e        | \u304b\u305f\u304a\u304b\u3068\u3057\u3042\u304d            | kataokatoshiaki@example.com   | M      |   21 | A          | 1995/4/21 |\n|  3 | \u5ca1\u5cf6\u614e\u4e4b\u4ecb      | \u304a\u304b\u3058\u307e\u3057\u3093\u306e\u3059\u3051          | okajimashinnosuke@example.com | M      |   20 | O          | 1997/2/4  |\n|  4 | \u4e2d\u7530\u82f1\u55e3        | \u306a\u304b\u305f\u3072\u3067\u3064\u3050              | nakatahidetsugu@example.com   | M      |   23 | AB         | 1994/1/3  |\n|  9 | \u5c0f\u68ee\u611b          | \u3053\u3082\u308a\u3042\u3044                  | komoriai@example.com          | F      |   30 | O          | 1986/7/17 |\n+----+-----------------+-----------------------------+-------------------------------+--------+------+------------+-----------+\n4 rows in set (0.00 sec)\n\n\u4e0d\u7b49\u53f7\u3067\u66f8\u304f\u3068\u3057\u305f\u3089\u3053\u3046\u306a\u308a\u307e\u3059\u3002\u5168\u304f\u4e00\u7dd2\u306e\u7d50\u679c\u3067\u3059\u306d\u3002\nmysql> SELECT * FROM users WHERE age >= 20 AND age <=30;\n+----+-----------------+-----------------------------+-------------------------------+--------+------+------------+-----------+\n| id | name            | name_kana                   | email                         | gender | age  | blood_type | birthday  |\n+----+-----------------+-----------------------------+-------------------------------+--------+------+------------+-----------+\n|  2 | \u7247\u5ca1\u5bff\u660e        | \u304b\u305f\u304a\u304b\u3068\u3057\u3042\u304d            | kataokatoshiaki@example.com   | M      |   21 | A          | 1995/4/21 |\n|  3 | \u5ca1\u5cf6\u614e\u4e4b\u4ecb      | \u304a\u304b\u3058\u307e\u3057\u3093\u306e\u3059\u3051          | okajimashinnosuke@example.com | M      |   20 | O          | 1997/2/4  |\n|  4 | \u4e2d\u7530\u82f1\u55e3        | \u306a\u304b\u305f\u3072\u3067\u3064\u3050              | nakatahidetsugu@example.com   | M      |   23 | AB         | 1994/1/3  |\n|  9 | \u5c0f\u68ee\u611b          | \u3053\u3082\u308a\u3042\u3044                  | komoriai@example.com          | F      |   30 | O          | 1986/7/17 |\n+----+-----------------+-----------------------------+-------------------------------+--------+------+------------+-----------+\n4 rows in set (0.00 sec)\n\n\u500b\u4eba\u7684\u306b\u306fAND\u304c\u6761\u4ef6\u3068\u6761\u4ef6\u306e\u9593\u306b\u3042\u308b\u3082\u306e\u306a\u306e\u304bBETWEEN\u5185\u306b\u3042\u308b\u306e\u304b\u308f\u304b\u308a\u306b\u304f\u304f\u306a\u3063\u3066\u3057\u307e\u3046\u305f\u3081\u3001BETWEEN\u306f\u3042\u307e\u308a\u597d\u3093\u3067\u4f7f\u7528\u3057\u306a\u3044\u3067\u3059\u3002\n\u4e0d\u7b49\u53f7\u304bBETWEEN\u304b\u3067\u30d1\u30d5\u30a9\u30fc\u30de\u30f3\u30b9\u3082\u5909\u308f\u308b\u53ef\u80fd\u6027\u304c\u3042\u308a\u307e\u3059\u3002\n\u6c17\u306b\u306a\u308b\u65b9\u306f\u8abf\u3079\u3066\u898b\u3066\u304f\u3060\u3055\u3044\u3002\n\u307e\u305f\u3001NOT BETWEEN\u3092\u7528\u3044\u308c\u3070\u25cb\u25cb\u672a\u6e80\u3042\u308b\u3044\u306f\u25cb\u25cb\u3088\u308a\u5927\u304d\u3044\u3068\u3044\u3046\u6761\u4ef6\u306b\u306a\u308a\u307e\u3059\u3002\n\nLIKE\u3092\u7528\u3044\u305f\u6761\u4ef6\u3067\u30ec\u30b3\u30fc\u30c9\u3092\u53d6\u5f97\u3059\u308b\u3002\nLIKE\u3092\u7528\u3044\u308b\u3068\u90e8\u5206\u4e00\u81f4\u3067\u691c\u7d22\u3059\u308b\u3053\u3068\u304c\u3067\u304d\u307e\u3059\u3002\n\u4f8b\uff1aemail\u306b\u300cka\u300d\u304c\u542b\u307e\u308c\u3066\u3044\u308b\u30ec\u30b3\u30fc\u30c9\u3092\u5168\u4ef6\u53d6\u5f97\u3059\u308b\u3002\nmysql> SELECT * FROM users WHERE email LIKE \"%ka%\";\n+----+-----------------+-----------------------------+-------------------------------+--------+------+------------+-----------+\n| id | name            | name_kana                   | email                         | gender | age  | blood_type | birthday  |\n+----+-----------------+-----------------------------+-------------------------------+--------+------+------------+-----------+\n|  2 | \u7247\u5ca1\u5bff\u660e        | \u304b\u305f\u304a\u304b\u3068\u3057\u3042\u304d            | kataokatoshiaki@example.com   | M      |   21 | A          | 1995/4/21 |\n|  3 | \u5ca1\u5cf6\u614e\u4e4b\u4ecb      | \u304a\u304b\u3058\u307e\u3057\u3093\u306e\u3059\u3051          | okajimashinnosuke@example.com | M      |   20 | O          | 1997/2/4  |\n|  4 | \u4e2d\u7530\u82f1\u55e3        | \u306a\u304b\u305f\u3072\u3067\u3064\u3050              | nakatahidetsugu@example.com   | M      |   23 | AB         | 1994/1/3  |\n|  6 | \u76f8\u5ddd\u4e00\u8f1d        | \u3042\u3044\u304b\u308f\u304b\u305a\u304d              | aikawakazuki@example.com      | M      |   35 | A          | 1981/8/18 |\n+----+-----------------+-----------------------------+-------------------------------+--------+------+------------+-----------+\n4 rows in set (0.00 sec)\n\n\u300c%ka%\u300d\u306e\u300c%\u300d\u306f\u30ef\u30a4\u30eb\u30c9\u30ab\u30fc\u30c9\u3068\u3044\u3044\u3001\u306a\u3093\u3067\u3082\u3044\u3044\uff08\u306a\u304f\u3066\u3082\u3044\u3044\uff09\u3053\u3068\u3092\u8868\u3057\u307e\u3059\u3002\n\u3057\u305f\u304c\u3063\u3066\u3001\u300c%ka%\u300d\u306fka\u306e\u524d\u5f8c\u306f\u306a\u3093\u3067\u3082\u3088\u3044\u3068\u3044\u3046\u3053\u3068\u306a\u306e\u3067\u3001\u3059\u306a\u308f\u3061\u90e8\u5206\u4e00\u81f4\u3068\u306a\u308a\u307e\u3059\u3002\n\u3053\u308c\u304c\u3082\u3057\u3001\u300cka%\u300d\u3067\u3042\u308c\u3070ka\u304b\u3089\u59cb\u307e\u308b\u3082\u306e\u3068\u3044\u3046\u524d\u65b9\u4e00\u81f4\u3067\u3082\u691c\u7d22\u3068\u306a\u308a\u307e\u3059\u3057\u3001\n\u300c%ka\u300d\u3067\u3042\u308c\u3070\u6700\u5f8c\u304cka\u3067\u7d42\u308f\u308b\u3082\u306e\u3068\u3044\u3046\u5f8c\u65b9\u4e00\u81f4\u3067\u306e\u691c\u7d22\u3068\u306a\u308b\u3053\u3068\u306b\u306a\u308a\u307e\u3059\u3002\n\u307e\u305f\u3001NOT LIKE\u3068\u3059\u308b\u3068\u4e00\u81f4\u3057\u306a\u304b\u3063\u305f\u3082\u306e\u304c\u53d6\u5f97\u3067\u304d\u307e\u3059\u3002\n\nIN\u53e5\u3092\u7528\u3044\u305f\u6761\u4ef6\u3067\u30ec\u30b3\u30fc\u30c9\u3092\u53d6\u5f97\u3059\u308b\u3002\nIN\u53e5\u3092\u7528\u3044\u308b\u3068\u6761\u4ef6\u3067\u5024\u3092\u914d\u5217\u3067\u6307\u5b9a\u3059\u308b\u3053\u3068\u304c\u3067\u304d\u307e\u3059\u3002\n\u4f8b\uff1aid\u304c\uff082,3,5\uff09\u306e\u4e2d\u306b\u542b\u307e\u308c\u3066\u3044\u308b\u30ec\u30b3\u30fc\u30c9\u3092\u5168\u4ef6\u53d6\u5f97\u3059\u308b\u3002\nmysql> SELECT * FROM users WHERE id IN (2,3,5);\n+----+-----------------+-----------------------------+-------------------------------+--------+------+------------+-----------+\n| id | name            | name_kana                   | email                         | gender | age  | blood_type | birthday  |\n+----+-----------------+-----------------------------+-------------------------------+--------+------+------------+-----------+\n|  2 | \u7247\u5ca1\u5bff\u660e        | \u304b\u305f\u304a\u304b\u3068\u3057\u3042\u304d            | kataokatoshiaki@example.com   | M      |   21 | A          | 1995/4/21 |\n|  3 | \u5ca1\u5cf6\u614e\u4e4b\u4ecb      | \u304a\u304b\u3058\u307e\u3057\u3093\u306e\u3059\u3051          | okajimashinnosuke@example.com | M      |   20 | O          | 1997/2/4  |\n|  5 | \u85e4\u6751\u6dbc\u5b50        | \u3075\u3058\u3080\u3089\u308a\u3087\u3046\u3053            | fujimuraryouko@example.com    | F      |   33 | O          | 1984/1/28 |\n+----+-----------------+-----------------------------+-------------------------------+--------+------+------------+-----------+\n3 rows in set (0.00 sec)\n\n\u307e\u305f\u3001NOT IN\u3068\u3059\u308b\u3068\u542b\u307e\u308c\u306a\u3044\u3082\u306e\u304c\u53d6\u5f97\u3067\u304d\u307e\u3059\u3002\n\nOR\u3092\u7528\u3044\u305f\u6761\u4ef6\u3067\u30ec\u30b3\u30fc\u30c9\u3092\u53d6\u5f97\u3059\u308b\u3002\n\u8907\u6570\u306e\u6761\u4ef6\u3092\u8a18\u8ff0\u3059\u308b\u3068\u304d\u306f\u4eca\u307e\u3067\u306fAND\u3092\u7528\u3044\u3066\u3044\u307e\u3057\u305f\u304c\u3001\u8907\u6570\u306e\u6761\u4ef6\u306e\u3046\u3061\u3001\u7247\u65b9\u304c\u6210\u308a\u7acb\u3063\u3066\u3044\u308c\u3070\u3088\u3044\u3068\u3044\u3046\u5834\u5408\u3082\u3042\u308b\u3068\u601d\u3044\u307e\u3059\u3002\n\u305d\u306e\u3088\u3046\u306a\u5834\u5408\u306b\u306fAND\u3067\u306f\u306a\u304f\u3001OR\u3067\u6761\u4ef6\u3092\u7e4b\u304e\u307e\u3057\u3087\u3046\u3002\n\u4f8b\uff1aage\u304c20\u672a\u6e80\u3042\u308b\u3044\u306fblood_type\u304cB\u3067\u3042\u308b\u30ec\u30b3\u30fc\u30c9\u3092\u5168\u4ef6\u53d6\u5f97\u3059\u308b\u3002\nmysql> SELECT * FROM users WHERE age < 20 OR blood_type = \"B\";\n+----+-----------------+-----------------------+--------------------------+--------+------+------------+-----------+\n| id | name            | name_kana             | email                    | gender | age  | blood_type | birthday  |\n+----+-----------------+-----------------------+--------------------------+--------+------+------------+-----------+\n|  1 | \u5927\u6751\u90c1\u6075        | \u304a\u304a\u3080\u3089\u3044\u304f\u3048        | oomuraikue@example.com   | F      |   39 | B          | 1978/1/23 |\n|  7 | \u91ce\u5d0e\u7531\u7f8e\u5b50      | \u306e\u3056\u304d\u3086\u307f\u3053          | nozakiyumiko@example.com | F      |   12 | O          | 2005/1/20 |\n|  8 | \u4e95\u53e3\u611b\u5b50        | \u3044\u3050\u3061\u3042\u3044\u3053          | iguchiaiko@example.com   | F      |   18 | B          | 1998/8/6  |\n| 10 | \u90a3\u9808\u7531\u7f8e\u5b50      | \u306a\u3059\u3086\u307f\u3053            | nasuyumiko@example.com   | F      |   13 | A          | 2003/10/5 |\n+----+-----------------+-----------------------+--------------------------+--------+------+------------+-----------+\n4 rows in set (0.00 sec)\n\n\nIS NULL\u3092\u7528\u3044\u305f\u6761\u4ef6\u3067\u30ec\u30b3\u30fc\u30c9\u3092\u53d6\u5f97\u3059\u308b\u3002\nIS NULL\u3092\u7528\u3044\u308b\u3068\u30ec\u30b3\u30fc\u30c9\u306e\u3042\u308b\u30ab\u30e9\u30e0\u306b\u5024\u304c\u5165\u3063\u3066\u3044\u306a\u3044\u3082\u306e\u306e\u307f\u3092\u53d6\u5f97\u3059\u308b\u3053\u3068\u304c\u3067\u304d\u307e\u3059\u3002\n\u4f8b\uff1aname\u304cNULL\u3068\u306a\u3063\u3066\u3044\u308b\u30ec\u30b3\u30fc\u30c9\u3092\u5168\u4ef6\u53d6\u5f97\u3059\u308b\u3002\uff080\u4ef6\u30d2\u30c3\u30c8\uff09\nmysql> SELECT * FROM users WHERE name IS NULL;\nEmpty set (0.00 sec)\n\n\u307e\u305f\u3001IS NOT NULL\u3068\u3059\u308b\u3068NULL\u3067\u306a\u3044\u3082\u306e\u3092\u53d6\u5f97\u3067\u304d\u307e\u3059\u3002\n\u4f8b\uff1aname\u304cNULL\u3067\u306a\u3044\u30ec\u30b3\u30fc\u30c9\u3092\u5168\u4ef6\u53d6\u5f97\u3059\u308b\u3002\uff080\u4ef6\u30d2\u30c3\u30c8\uff09\nmysql> SELECT * FROM users WHERE name IS NOT NULL;\n+----+-----------------+-----------------------------+-------------------------------+--------+------+------------+-----------+\n| id | name            | name_kana                   | email                         | gender | age  | blood_type | birthday  |\n+----+-----------------+-----------------------------+-------------------------------+--------+------+------------+-----------+\n|  1 | \u5927\u6751\u90c1\u6075        | \u304a\u304a\u3080\u3089\u3044\u304f\u3048              | oomuraikue@example.com        | F      |   39 | B          | 1978/1/23 |\n|  2 | \u7247\u5ca1\u5bff\u660e        | \u304b\u305f\u304a\u304b\u3068\u3057\u3042\u304d            | kataokatoshiaki@example.com   | M      |   21 | A          | 1995/4/21 |\n|  3 | \u5ca1\u5cf6\u614e\u4e4b\u4ecb      | \u304a\u304b\u3058\u307e\u3057\u3093\u306e\u3059\u3051          | okajimashinnosuke@example.com | M      |   20 | O          | 1997/2/4  |\n|  4 | \u4e2d\u7530\u82f1\u55e3        | \u306a\u304b\u305f\u3072\u3067\u3064\u3050              | nakatahidetsugu@example.com   | M      |   23 | AB         | 1994/1/3  |\n|  5 | \u85e4\u6751\u6dbc\u5b50        | \u3075\u3058\u3080\u3089\u308a\u3087\u3046\u3053            | fujimuraryouko@example.com    | F      |   33 | O          | 1984/1/28 |\n|  6 | \u76f8\u5ddd\u4e00\u8f1d        | \u3042\u3044\u304b\u308f\u304b\u305a\u304d              | aikawakazuki@example.com      | M      |   35 | A          | 1981/8/18 |\n|  7 | \u91ce\u5d0e\u7531\u7f8e\u5b50      | \u306e\u3056\u304d\u3086\u307f\u3053                | nozakiyumiko@example.com      | F      |   12 | O          | 2005/1/20 |\n|  8 | \u4e95\u53e3\u611b\u5b50        | \u3044\u3050\u3061\u3042\u3044\u3053                | iguchiaiko@example.com        | F      |   18 | B          | 1998/8/6  |\n|  9 | \u5c0f\u68ee\u611b          | \u3053\u3082\u308a\u3042\u3044                  | komoriai@example.com          | F      |   30 | O          | 1986/7/17 |\n| 10 | \u90a3\u9808\u7531\u7f8e\u5b50      | \u306a\u3059\u3086\u307f\u3053                  | nasuyumiko@example.com        | F      |   13 | A          | 2003/10/5 |\n+----+-----------------+-----------------------------+-------------------------------+--------+------+------------+-----------+\n10 rows in set (0.00 sec)\n\n# \u3010\u30a8\u30f3\u30b8\u30cb\u30a2\u6559\u6750\u3011MySQL\u7de8(1) WHERE\u53e5\u306b\u3064\u3044\u3066 (\u7b49\u53f7,\u4e0d\u7b49\u53f7,BETWEEN,LIKE,IN,IS NULL)\n\n## \u307e\u3048\u304c\u304d\n\n\u3053\u306e\u30c9\u30ad\u30e5\u30e1\u30f3\u30c8\u306f\u793e\u54e1\u3084\u30a4\u30f3\u30bf\u30fc\u30f3\u751f\u3092\u6559\u80b2\u3059\u308b\u305f\u3081\u306b\u4f5c\u6210\u3057\u305f\u3082\u306e\u3067\u3059\u304c\u3001\n\u305c\u3072\u793e\u5916\u306e\u4eba\u306b\u3082\u898b\u3066\u3044\u305f\u3060\u304d\u305f\u3044\u3068\u601d\u3044\u516c\u958b\u3044\u305f\u3057\u307e\u3057\u305f\u3002\n\n\u3061\u3087\u3053\u3061\u3087\u3053\u66f4\u65b0\u3057\u307e\u3059\u306e\u3067\u30ea\u30af\u30a8\u30b9\u30c8\u306a\u3069\u3054\u3056\u3044\u307e\u3057\u305f\u3089\u304a\u6c17\u8efd\u306b\u304a\u7533\u3057\u4ed8\u3051\u4e0b\u3055\u3044\u3002\n\u4f53\u7cfb\u7684\u306b\u66f8\u304d\u9032\u3081\u3066\u3044\u304f\u306e\u3067\u30ea\u30af\u30a8\u30b9\u30c8\u3057\u3066\u3044\u305f\u3060\u3044\u305f\u3082\u306e\u306b\u3064\u3044\u3066\u3059\u3050\u304b\u3051\u308b\u4fdd\u8a3c\u306f\u3054\u3056\u3044\u307e\u305b\u3093\u306e\u3067\u3054\u7406\u89e3\u3068\u3054\u4e86\u627f\u306e\u307b\u3069\u3088\u308d\u3057\u304f\u304a\u9858\u3044\u3044\u305f\u3057\u307e\u3059\u3002\n\u3082\u3057\u5f79\u306b\u7acb\u3063\u305f\u3089\u3001\u3044\u3044\u306d\uff01\u3084\u30b9\u30c8\u30c3\u30af\u3092\u3057\u3066\u3082\u3089\u3048\u308b\u3068\u52b1\u307f\u306b\u306a\u308a\u307e\u3059m(_ _)m\n\n\u3061\u306a\u307f\u306b\u30d7\u30ed\u30d5\u30a3\u30fc\u30eb\u306f\u3053\u3061\u3089\u3002\nhttps://www.wantedly.com/users/1955894\n\n# SELECT\u6587\u3067WHERE\u53e5\u3092\u4f7f\u3063\u3066\u6761\u4ef6\u3092\u7d5e\u3063\u3066\u30ec\u30b3\u30fc\u30c9\u3092\u53d6\u5f97\u3059\u308b\n\n\u4eca\u56de\u306fSELECT\u6587\u3067WHERE\u53e5\u3092\u4f7f\u3063\u3066\u6761\u4ef6\u3092\u7d5e\u3063\u3066\u30ec\u30b3\u30fc\u30c9\u3092\u53d6\u5f97\u3059\u308b\u3068\u3044\u3046\u3053\u3068\u3092\u3084\u3063\u3066\u898b\u307e\u3059\u3002\n\u306f\u3058\u3081\u306b\u30c7\u30fc\u30bf\u3092\u7528\u610f\u3057\u307e\u3059\u3002\n\u4eca\u56de\u306f\u30c6\u30b9\u30c8\u7528\u306e\u30c7\u30fc\u30bf\u3092\u30e9\u30f3\u30c0\u30e0\u306b\u751f\u6210\u3057\u3066\u304f\u308c\u308b\u3053\u3061\u3089\u306e\u30b5\u30a4\u30c8\u3092\u7528\u3044\u3066\u30c7\u30fc\u30bf\u3092\u30a4\u30f3\u30dd\u30fc\u30c8\u3057\u307e\u3057\u305f\u3002\nhttp://kazina.com/dummy/index.html\n\n\u540c\u3058\u30c7\u30fc\u30bf\u3092\u7528\u3044\u3066\u8a66\u3057\u3066\u898b\u305f\u3044\u3068\u3044\u3046\u65b9\u306f\u6b21\u306eSQL\u3092\u5b9f\u884c\u3057\u3066\u30c7\u30fc\u30bf\u3092\u5165\u308c\u3066\u898b\u3066\u304f\u3060\u3055\u3044\u3002\n\n```\nCREATE TABLE `users` (\n  `id` int(11) unsigned NOT NULL AUTO_INCREMENT,\n  `name` varchar(100) DEFAULT NULL,\n  `name_kana` varchar(100) DEFAULT NULL,\n  `email` varchar(100) DEFAULT NULL,\n  `gender` varchar(10) DEFAULT NULL,\n  `age` int(11) DEFAULT NULL,\n  `blood_type` varchar(10) DEFAULT NULL,\n  `birthday` varchar(20) DEFAULT NULL,\n  PRIMARY KEY (`id`)\n) ENGINE=InnoDB DEFAULT CHARSET=utf8mb4;\n\nINSERT INTO `users` (`id`, `name`, `name_kana`, `email`, `gender`, `age`, `blood_type`, `birthday`)\nVALUES\n\t(1,'\u5927\u6751\u90c1\u6075','\u304a\u304a\u3080\u3089\u3044\u304f\u3048','oomuraikue@example.com','F',39,'B','1978/1/23'),\n\t(2,'\u7247\u5ca1\u5bff\u660e','\u304b\u305f\u304a\u304b\u3068\u3057\u3042\u304d','kataokatoshiaki@example.com','M',21,'A','1995/4/21'),\n\t(3,'\u5ca1\u5cf6\u614e\u4e4b\u4ecb','\u304a\u304b\u3058\u307e\u3057\u3093\u306e\u3059\u3051','okajimashinnosuke@example.com','M',20,'O','1997/2/4'),\n\t(4,'\u4e2d\u7530\u82f1\u55e3','\u306a\u304b\u305f\u3072\u3067\u3064\u3050','nakatahidetsugu@example.com','M',23,'AB','1994/1/3'),\n\t(5,'\u85e4\u6751\u6dbc\u5b50','\u3075\u3058\u3080\u3089\u308a\u3087\u3046\u3053','fujimuraryouko@example.com','F',33,'O','1984/1/28'),\n\t(6,'\u76f8\u5ddd\u4e00\u8f1d','\u3042\u3044\u304b\u308f\u304b\u305a\u304d','aikawakazuki@example.com','M',35,'A','1981/8/18'),\n\t(7,'\u91ce\u5d0e\u7531\u7f8e\u5b50','\u306e\u3056\u304d\u3086\u307f\u3053','nozakiyumiko@example.com','F',12,'O','2005/1/20'),\n\t(8,'\u4e95\u53e3\u611b\u5b50','\u3044\u3050\u3061\u3042\u3044\u3053','iguchiaiko@example.com','F',18,'B','1998/8/6'),\n\t(9,'\u5c0f\u68ee\u611b','\u3053\u3082\u308a\u3042\u3044','komoriai@example.com','F',30,'O','1986/7/17'),\n\t(10,'\u90a3\u9808\u7531\u7f8e\u5b50','\u306a\u3059\u3086\u307f\u3053','nasuyumiko@example.com','F',13,'A','2003/10/5');\n```\n\n\u3067\u306f\u306f\u3058\u3081\u3066\u3044\u304d\u307e\u3059\u3002\n\n## \u5168\u4ef6\u5168\u30ab\u30e9\u30e0\u53d6\u5f97\u3059\u308b\u3002\n\n```\nSELECT * FROM \u30c6\u30fc\u30d6\u30eb\u540d;\n```\nSELECT\u6587\u306e\u57fa\u672c\u4e2d\u306e\u57fa\u672c\u3067\u3059\u3002\n*\u3068\u3044\u3046\u306e\u304c\u5168\u3066\u306e\u30ab\u30e9\u30e0\u3068\u3044\u3046\u610f\u5473\u306b\u306a\u308a\u307e\u3059\u3002\n\n\u5b9f\u884c\u4f8b\n\n```\nmysql> select * from users;\n+----+-----------------+-----------------------------+-------------------------------+--------+------+------------+-----------+\n| id | name            | name_kana                   | email                         | gender | age  | blood_type | birthday  |\n+----+-----------------+-----------------------------+-------------------------------+--------+------+------------+-----------+\n|  1 | \u5927\u6751\u90c1\u6075        | \u304a\u304a\u3080\u3089\u3044\u304f\u3048              | oomuraikue@example.com        | F      |   39 | B          | 1978/1/23 |\n|  2 | \u7247\u5ca1\u5bff\u660e        | \u304b\u305f\u304a\u304b\u3068\u3057\u3042\u304d            | kataokatoshiaki@example.com   | M      |   21 | A          | 1995/4/21 |\n|  3 | \u5ca1\u5cf6\u614e\u4e4b\u4ecb      | \u304a\u304b\u3058\u307e\u3057\u3093\u306e\u3059\u3051          | okajimashinnosuke@example.com | M      |   20 | O          | 1997/2/4  |\n|  4 | \u4e2d\u7530\u82f1\u55e3        | \u306a\u304b\u305f\u3072\u3067\u3064\u3050              | nakatahidetsugu@example.com   | M      |   23 | AB         | 1994/1/3  |\n|  5 | \u85e4\u6751\u6dbc\u5b50        | \u3075\u3058\u3080\u3089\u308a\u3087\u3046\u3053            | fujimuraryouko@example.com    | F      |   33 | O          | 1984/1/28 |\n|  6 | \u76f8\u5ddd\u4e00\u8f1d        | \u3042\u3044\u304b\u308f\u304b\u305a\u304d              | aikawakazuki@example.com      | M      |   35 | A          | 1981/8/18 |\n|  7 | \u91ce\u5d0e\u7531\u7f8e\u5b50      | \u306e\u3056\u304d\u3086\u307f\u3053                | nozakiyumiko@example.com      | F      |   12 | O          | 2005/1/20 |\n|  8 | \u4e95\u53e3\u611b\u5b50        | \u3044\u3050\u3061\u3042\u3044\u3053                | iguchiaiko@example.com        | F      |   18 | B          | 1998/8/6  |\n|  9 | \u5c0f\u68ee\u611b          | \u3053\u3082\u308a\u3042\u3044                  | komoriai@example.com          | F      |   30 | O          | 1986/7/17 |\n| 10 | \u90a3\u9808\u7531\u7f8e\u5b50      | \u306a\u3059\u3086\u307f\u3053                  | nasuyumiko@example.com        | F      |   13 | A          | 2003/10/5 |\n+----+-----------------+-----------------------------+-------------------------------+--------+------+------------+-----------+\n10 rows in set (0.00 sec)\n```\n\n## \u30ab\u30e9\u30e0\u540d\u3092\u6307\u5b9a\u3057\u3066\u7279\u5b9a\u306e\u30ab\u30e9\u30e0\u3060\u3051\u5168\u4ef6\u53d6\u5f97\u3059\u308b\u3002\nSELECT \u30ab\u30e9\u30e0\u540d1 [,\u30ab\u30e9\u30e0\u540d2, ...] FROM \u30c6\u30fc\u30d6\u30eb\u540d;\n\u5168\u30ab\u30e9\u30e0\u53d6\u5f97\u3059\u308b\u5fc5\u8981\u304c\u306a\u3044\u3068\u304d\u306f\u30ab\u30e9\u30e0\u540d\u3092\u6307\u5b9a\u3057\u3066\u3042\u3052\u308b\u3053\u3068\u304c\u3067\u304d\u307e\u3059\u3002\n\u8907\u6570\u30ab\u30e9\u30e0\u3057\u3066\u3044\u3057\u305f\u3044\u3068\u304d\u306f\u30ab\u30f3\u30de\u533a\u5207\u308a\u3067\u6307\u5b9a\u3057\u307e\u3059\u3002\n\n\u4f8b\uff1a\u5168\u30ec\u30b3\u30fc\u30c9\u306eid\u3068\u540d\u524d\u306e\u4e00\u89a7\u3060\u3051\u53d6\u5f97\u3059\u308b\u3002\n\n```\nmysql> select id,name from users;\n+----+-----------------+\n| id | name            |\n+----+-----------------+\n|  1 | \u5927\u6751\u90c1\u6075        |\n|  2 | \u7247\u5ca1\u5bff\u660e        |\n|  3 | \u5ca1\u5cf6\u614e\u4e4b\u4ecb      |\n|  4 | \u4e2d\u7530\u82f1\u55e3        |\n|  5 | \u85e4\u6751\u6dbc\u5b50        |\n|  6 | \u76f8\u5ddd\u4e00\u8f1d        |\n|  7 | \u91ce\u5d0e\u7531\u7f8e\u5b50      |\n|  8 | \u4e95\u53e3\u611b\u5b50        |\n|  9 | \u5c0f\u68ee\u611b          |\n| 10 | \u90a3\u9808\u7531\u7f8e\u5b50      |\n+----+-----------------+\n10 rows in set (0.00 sec)\n```\n\n## WHERE\u53e5\u3092\u7528\u3044\u3066\u7279\u5b9a\u306e\u6761\u4ef6\u306b\u4e00\u81f4\u3059\u308b\u3082\u306e\u3092\u5168\u4ef6\u53d6\u5f97\u3059\u308b\u3002\nWHERE\u53e5\u3092\u3042\u308b\u7a0b\u5ea6\u4e00\u822c\u5316\u3057\u3066\u8868\u73fe\u3059\u308b\u3068\u3057\u305f\u3089\u6b21\u306e\u3088\u3046\u306b\u306a\u308a\u307e\u3059\u3002\n```SELECT \u53d6\u5f97\u3057\u305f\u3044\u60c5\u5831 from \u30c6\u30fc\u30d6\u30eb\u540d WHERE \u6761\u4ef6;```\nWHERE\u53e5\u3067\u306f\u3055\u307e\u3056\u307e\u6761\u4ef6\u3092\u6307\u5b9a\u3059\u308b\u3053\u3068\u304c\u3067\u304d\u307e\u3059\u3002\n\u305f\u3068\u3048\u3070\u3001name\u304c\u5927\u6751\u90c1\u6075\u306e\u30ec\u30b3\u30fc\u30c9\u3092\u53d6\u5f97\u3057\u305f\u3044\u3068\u304d\u306f\u6b21\u306e\u3088\u3046\u306b\u306a\u308a\u307e\u3059\u3002\n\n\u4f8b\uff1aname\u304c\u5927\u6751\u90c1\u6075\u306e\u30ec\u30b3\u30fc\u30c9\u3092\u53d6\u5f97\u3059\u308b\u3002\n\n```\nmysql> SELECT * FROM users WHERE name = \"\u5927\u6751\u90c1\u6075\";\n+----+--------------+-----------------------+------------------------+--------+------+------------+-----------+\n| id | name         | name_kana             | email                  | gender | age  | blood_type | birthday  |\n+----+--------------+-----------------------+------------------------+--------+------+------------+-----------+\n|  1 | \u5927\u6751\u90c1\u6075     | \u304a\u304a\u3080\u3089\u3044\u304f\u3048        | oomuraikue@example.com | F      |   39 | B          | 1978/1/23 |\n+----+--------------+-----------------------+------------------------+--------+------+------------+-----------+\n1 row in set (0.00 sec)\n```\n\n\u3053\u306e\u3088\u3046\u306b\u7279\u5b9a\u306e\u30ab\u30e9\u30e0\u304c\u7279\u5b9a\u306e\u5024\u3068\u4e00\u81f4\u3059\u308b\u3068\u3044\u3046\u6761\u4ef6\u3092\u6307\u5b9a\u3057\u305f\u3044\u3068\u304d\u306f\nWHERE\u53e5\u3067\u306f\u300c\u30ab\u30e9\u30e0\u540d = \u5024\u300d\u3068\u3059\u308c\u3070\u3088\u3044\u3053\u3068\u304c\u308f\u304b\u308a\u307e\u3059\u3002\n\u4eca\u56de\u306f\u57fa\u672c\u7684\u306a\u4f8b\u3092\u7d39\u4ecb\u3059\u308b\u305f\u3081\u300c\u30ab\u30e9\u30e0\u540d = \u5024\u300d\u3068\u3057\u307e\u3057\u305f\u304c\u3001\n\u300c\u30ab\u30e9\u30e0\u540d1 = \u30ab\u30e9\u30e0\u540d2\u300d\u3084\u300c\u50241 = \u50242\u300d\u306a\u3069\u3001\n\u3061\u3083\u3093\u3068\u6761\u4ef6\u5f0f\u3068\u3057\u3066\u306e\u4f53\u88c1\u3092\u5b88\u3063\u3066\u3044\u308c\u3070\u81ea\u7531\u306b\u66f8\u3051\u307e\u3059\u3002\n\n\u6761\u4ef6\u3092\u8907\u6570\u6307\u5b9a\u3057\u305f\u3044\u6642\u306fAND\u3067\u3064\u306a\u304e\u307e\u3059\u3002\n\n\u4f8b\uff1agender\uff08\u6027\u5225\uff09\u304cF\uff08\u5973\u6027\uff09\u3001\u304b\u3064blood_type\uff08\u8840\u6db2\u578b\uff09\u304cB\uff08\u578b\uff09\u306e\u30ec\u30b3\u30fc\u30c9\u3092\u53d6\u5f97\u3059\u308b\u3002\n\n```\nmysql> SELECT * FROM users WHERE gender = \"F\" AND blood_type = \"B\";\n+----+--------------+-----------------------+------------------------+--------+------+------------+-----------+\n| id | name         | name_kana             | email                  | gender | age  | blood_type | birthday  |\n+----+--------------+-----------------------+------------------------+--------+------+------------+-----------+\n|  1 | \u5927\u6751\u90c1\u6075     | \u304a\u304a\u3080\u3089\u3044\u304f\u3048        | oomuraikue@example.com | F      |   39 | B          | 1978/1/23 |\n|  8 | \u4e95\u53e3\u611b\u5b50     | \u3044\u3050\u3061\u3042\u3044\u3053          | iguchiaiko@example.com | F      |   18 | B          | 1998/8/6  |\n+----+--------------+-----------------------+------------------------+--------+------+------------+-----------+\n2 rows in set (0.00 sec)\n```\n\n## \u4e0d\u7b49\u53f7\u306a\u3069\u3092\u7528\u3044\u305f\u6761\u4ef6\u3067\u30ec\u30b3\u30fc\u30c9\u3092\u53d6\u5f97\u3059\u308b\u3002\n\u4e0a\u3067\u306f\u300c=\u300d\u3092\u7528\u3044\u307e\u3057\u305f\u304c\u3001\u4ed6\u306e\u6f14\u7b97\u5b50\u3082SQL\u3067\u4f7f\u7528\u3059\u308b\u3053\u3068\u304c\u3067\u304d\u307e\u3059\u3002\n\n\u4f8b\uff1a20\u6b73\u4ee5\u4e0a\u306e\u30ec\u30b3\u30fc\u30c9\u3092\u5168\u4ef6\u53d6\u5f97\u3059\u308b\u3002\n\n```\nmysql> SELECT * FROM users WHERE age >= 20;\n+----+-----------------+-----------------------------+-------------------------------+--------+------+------------+-----------+\n| id | name            | name_kana                   | email                         | gender | age  | blood_type | birthday  |\n+----+-----------------+-----------------------------+-------------------------------+--------+------+------------+-----------+\n|  1 | \u5927\u6751\u90c1\u6075        | \u304a\u304a\u3080\u3089\u3044\u304f\u3048              | oomuraikue@example.com        | F      |   39 | B          | 1978/1/23 |\n|  2 | \u7247\u5ca1\u5bff\u660e        | \u304b\u305f\u304a\u304b\u3068\u3057\u3042\u304d            | kataokatoshiaki@example.com   | M      |   21 | A          | 1995/4/21 |\n|  3 | \u5ca1\u5cf6\u614e\u4e4b\u4ecb      | \u304a\u304b\u3058\u307e\u3057\u3093\u306e\u3059\u3051          | okajimashinnosuke@example.com | M      |   20 | O          | 1997/2/4  |\n|  4 | \u4e2d\u7530\u82f1\u55e3        | \u306a\u304b\u305f\u3072\u3067\u3064\u3050              | nakatahidetsugu@example.com   | M      |   23 | AB         | 1994/1/3  |\n|  5 | \u85e4\u6751\u6dbc\u5b50        | \u3075\u3058\u3080\u3089\u308a\u3087\u3046\u3053            | fujimuraryouko@example.com    | F      |   33 | O          | 1984/1/28 |\n|  6 | \u76f8\u5ddd\u4e00\u8f1d        | \u3042\u3044\u304b\u308f\u304b\u305a\u304d              | aikawakazuki@example.com      | M      |   35 | A          | 1981/8/18 |\n|  9 | \u5c0f\u68ee\u611b          | \u3053\u3082\u308a\u3042\u3044                  | komoriai@example.com          | F      |   30 | O          | 1986/7/17 |\n+----+-----------------+-----------------------------+-------------------------------+--------+------+------------+-----------+\n7 rows in set (0.00 sec)\n```\n\n\u4ed6\u306b\u3082\u3053\u306e\u3088\u3046\u306a\u6f14\u7b97\u5b50\u3092\u4f7f\u7528\u3059\u308b\u3053\u3068\u304c\u3067\u304d\u307e\u3059\u3002\n\u6c17\u306b\u306a\u308b\u65b9\u306f\u8a66\u3057\u3066\u898b\u3066\u304f\u3060\u3055\u3044\u3002\n\n| \u540d\u524d | \u8aac\u660e |\n|:-:|:-:|\n|  = |  \u7b49\u3057\u3044\u304b\u3069\u3046\u304b\u3092\u691c\u67fb\u3057\u307e\u3059\u3002 |\n| !=, <>  | \u7b49\u3057\u304f\u306a\u3044\u304b\u3069\u3046\u304b\u3092\u691c\u67fb\u3057\u307e\u3059\u3002  |\n| >  | \u3088\u308a\u5927\u304d\u3044\u304b\u3069\u3046\u304b\u3092\u691c\u67fb\u3057\u307e\u3059\u3002  |\n| >=  | \t\u3088\u308a\u5927\u304d\u3044\u304b\u307e\u305f\u306f\u7b49\u3057\u3044\u304b\u3092\u691c\u67fb\u3057\u307e\u3059\u3002  |\n| <  |  \u3088\u308a\u5c0f\u3055\u3044\u304b\u3069\u3046\u304b\u3092\u691c\u67fb\u3057\u307e\u3059\u3002 |\n| <=  |  \u3088\u308a\u5c0f\u3055\u3044\u304b\u307e\u305f\u306f\u7b49\u3057\u3044\u304b\u3092\u691c\u67fb\u3057\u307e\u3059\u3002 |\n\n## BETWEEN\u3092\u7528\u3044\u305f\u6761\u4ef6\u3067\u30ec\u30b3\u30fc\u30c9\u3092\u53d6\u5f97\u3059\u308b\u3002\n\u25cb\u25cb\u4ee5\u4e0a\u25cb\u25cb\u4ee5\u4e0b\u3068\u3044\u3046\u6761\u4ef6\u306fBETWEEN\u3092\u7528\u3044\u3066\u3082\u66f8\u304f\u3053\u3068\u304c\u3067\u304d\u307e\u3059\u3002\n\u6570\u5b57\u306f\u4e0b\u9650\u3001\u4e0a\u9650\u306e\u9806\u756a\u3067\u306a\u3044\u3068\u3046\u307e\u304f\u3044\u304b\u306a\u3044\u306e\u3067\u6ce8\u610f\u3057\u307e\u3057\u3087\u3046\u3002\n\n\n\u4f8b\uff1a20\u6b73\u4ee5\u4e0a30\u6b73\u4ee5\u4e0b\u306e\u30ec\u30b3\u30fc\u30c9\u3092\u5168\u4ef6\u53d6\u5f97\u3059\u308b\u3002\n\n```\nmysql> SELECT * FROM users WHERE age BETWEEN 20 AND 30;\n+----+-----------------+-----------------------------+-------------------------------+--------+------+------------+-----------+\n| id | name            | name_kana                   | email                         | gender | age  | blood_type | birthday  |\n+----+-----------------+-----------------------------+-------------------------------+--------+------+------------+-----------+\n|  2 | \u7247\u5ca1\u5bff\u660e        | \u304b\u305f\u304a\u304b\u3068\u3057\u3042\u304d            | kataokatoshiaki@example.com   | M      |   21 | A          | 1995/4/21 |\n|  3 | \u5ca1\u5cf6\u614e\u4e4b\u4ecb      | \u304a\u304b\u3058\u307e\u3057\u3093\u306e\u3059\u3051          | okajimashinnosuke@example.com | M      |   20 | O          | 1997/2/4  |\n|  4 | \u4e2d\u7530\u82f1\u55e3        | \u306a\u304b\u305f\u3072\u3067\u3064\u3050              | nakatahidetsugu@example.com   | M      |   23 | AB         | 1994/1/3  |\n|  9 | \u5c0f\u68ee\u611b          | \u3053\u3082\u308a\u3042\u3044                  | komoriai@example.com          | F      |   30 | O          | 1986/7/17 |\n+----+-----------------+-----------------------------+-------------------------------+--------+------+------------+-----------+\n4 rows in set (0.00 sec)\n```\n\n\u4e0d\u7b49\u53f7\u3067\u66f8\u304f\u3068\u3057\u305f\u3089\u3053\u3046\u306a\u308a\u307e\u3059\u3002\u5168\u304f\u4e00\u7dd2\u306e\u7d50\u679c\u3067\u3059\u306d\u3002\n\n```\nmysql> SELECT * FROM users WHERE age >= 20 AND age <=30;\n+----+-----------------+-----------------------------+-------------------------------+--------+------+------------+-----------+\n| id | name            | name_kana                   | email                         | gender | age  | blood_type | birthday  |\n+----+-----------------+-----------------------------+-------------------------------+--------+------+------------+-----------+\n|  2 | \u7247\u5ca1\u5bff\u660e        | \u304b\u305f\u304a\u304b\u3068\u3057\u3042\u304d            | kataokatoshiaki@example.com   | M      |   21 | A          | 1995/4/21 |\n|  3 | \u5ca1\u5cf6\u614e\u4e4b\u4ecb      | \u304a\u304b\u3058\u307e\u3057\u3093\u306e\u3059\u3051          | okajimashinnosuke@example.com | M      |   20 | O          | 1997/2/4  |\n|  4 | \u4e2d\u7530\u82f1\u55e3        | \u306a\u304b\u305f\u3072\u3067\u3064\u3050              | nakatahidetsugu@example.com   | M      |   23 | AB         | 1994/1/3  |\n|  9 | \u5c0f\u68ee\u611b          | \u3053\u3082\u308a\u3042\u3044                  | komoriai@example.com          | F      |   30 | O          | 1986/7/17 |\n+----+-----------------+-----------------------------+-------------------------------+--------+------+------------+-----------+\n4 rows in set (0.00 sec)\n```\n\n\u500b\u4eba\u7684\u306b\u306fAND\u304c\u6761\u4ef6\u3068\u6761\u4ef6\u306e\u9593\u306b\u3042\u308b\u3082\u306e\u306a\u306e\u304bBETWEEN\u5185\u306b\u3042\u308b\u306e\u304b\u308f\u304b\u308a\u306b\u304f\u304f\u306a\u3063\u3066\u3057\u307e\u3046\u305f\u3081\u3001BETWEEN\u306f\u3042\u307e\u308a\u597d\u3093\u3067\u4f7f\u7528\u3057\u306a\u3044\u3067\u3059\u3002\n\u4e0d\u7b49\u53f7\u304bBETWEEN\u304b\u3067\u30d1\u30d5\u30a9\u30fc\u30de\u30f3\u30b9\u3082\u5909\u308f\u308b\u53ef\u80fd\u6027\u304c\u3042\u308a\u307e\u3059\u3002\n\u6c17\u306b\u306a\u308b\u65b9\u306f\u8abf\u3079\u3066\u898b\u3066\u304f\u3060\u3055\u3044\u3002\n\n\u307e\u305f\u3001NOT BETWEEN\u3092\u7528\u3044\u308c\u3070\u25cb\u25cb\u672a\u6e80\u3042\u308b\u3044\u306f\u25cb\u25cb\u3088\u308a\u5927\u304d\u3044\u3068\u3044\u3046\u6761\u4ef6\u306b\u306a\u308a\u307e\u3059\u3002\n\n## LIKE\u3092\u7528\u3044\u305f\u6761\u4ef6\u3067\u30ec\u30b3\u30fc\u30c9\u3092\u53d6\u5f97\u3059\u308b\u3002\nLIKE\u3092\u7528\u3044\u308b\u3068\u90e8\u5206\u4e00\u81f4\u3067\u691c\u7d22\u3059\u308b\u3053\u3068\u304c\u3067\u304d\u307e\u3059\u3002\n\n\u4f8b\uff1aemail\u306b\u300cka\u300d\u304c\u542b\u307e\u308c\u3066\u3044\u308b\u30ec\u30b3\u30fc\u30c9\u3092\u5168\u4ef6\u53d6\u5f97\u3059\u308b\u3002\n\n```\nmysql> SELECT * FROM users WHERE email LIKE \"%ka%\";\n+----+-----------------+-----------------------------+-------------------------------+--------+------+------------+-----------+\n| id | name            | name_kana                   | email                         | gender | age  | blood_type | birthday  |\n+----+-----------------+-----------------------------+-------------------------------+--------+------+------------+-----------+\n|  2 | \u7247\u5ca1\u5bff\u660e        | \u304b\u305f\u304a\u304b\u3068\u3057\u3042\u304d            | kataokatoshiaki@example.com   | M      |   21 | A          | 1995/4/21 |\n|  3 | \u5ca1\u5cf6\u614e\u4e4b\u4ecb      | \u304a\u304b\u3058\u307e\u3057\u3093\u306e\u3059\u3051          | okajimashinnosuke@example.com | M      |   20 | O          | 1997/2/4  |\n|  4 | \u4e2d\u7530\u82f1\u55e3        | \u306a\u304b\u305f\u3072\u3067\u3064\u3050              | nakatahidetsugu@example.com   | M      |   23 | AB         | 1994/1/3  |\n|  6 | \u76f8\u5ddd\u4e00\u8f1d        | \u3042\u3044\u304b\u308f\u304b\u305a\u304d              | aikawakazuki@example.com      | M      |   35 | A          | 1981/8/18 |\n+----+-----------------+-----------------------------+-------------------------------+--------+------+------------+-----------+\n4 rows in set (0.00 sec)\n```\n\n\u300c%ka%\u300d\u306e\u300c%\u300d\u306f\u30ef\u30a4\u30eb\u30c9\u30ab\u30fc\u30c9\u3068\u3044\u3044\u3001\u306a\u3093\u3067\u3082\u3044\u3044\uff08\u306a\u304f\u3066\u3082\u3044\u3044\uff09\u3053\u3068\u3092\u8868\u3057\u307e\u3059\u3002\n\u3057\u305f\u304c\u3063\u3066\u3001\u300c%ka%\u300d\u306fka\u306e\u524d\u5f8c\u306f\u306a\u3093\u3067\u3082\u3088\u3044\u3068\u3044\u3046\u3053\u3068\u306a\u306e\u3067\u3001\u3059\u306a\u308f\u3061\u90e8\u5206\u4e00\u81f4\u3068\u306a\u308a\u307e\u3059\u3002\n\u3053\u308c\u304c\u3082\u3057\u3001\u300cka%\u300d\u3067\u3042\u308c\u3070ka\u304b\u3089\u59cb\u307e\u308b\u3082\u306e\u3068\u3044\u3046\u524d\u65b9\u4e00\u81f4\u3067\u3082\u691c\u7d22\u3068\u306a\u308a\u307e\u3059\u3057\u3001\n\u300c%ka\u300d\u3067\u3042\u308c\u3070\u6700\u5f8c\u304cka\u3067\u7d42\u308f\u308b\u3082\u306e\u3068\u3044\u3046\u5f8c\u65b9\u4e00\u81f4\u3067\u306e\u691c\u7d22\u3068\u306a\u308b\u3053\u3068\u306b\u306a\u308a\u307e\u3059\u3002\n\n\u307e\u305f\u3001NOT LIKE\u3068\u3059\u308b\u3068\u4e00\u81f4\u3057\u306a\u304b\u3063\u305f\u3082\u306e\u304c\u53d6\u5f97\u3067\u304d\u307e\u3059\u3002\n\n\n## IN\u53e5\u3092\u7528\u3044\u305f\u6761\u4ef6\u3067\u30ec\u30b3\u30fc\u30c9\u3092\u53d6\u5f97\u3059\u308b\u3002\nIN\u53e5\u3092\u7528\u3044\u308b\u3068\u6761\u4ef6\u3067\u5024\u3092\u914d\u5217\u3067\u6307\u5b9a\u3059\u308b\u3053\u3068\u304c\u3067\u304d\u307e\u3059\u3002\n\n\u4f8b\uff1aid\u304c\uff082,3,5\uff09\u306e\u4e2d\u306b\u542b\u307e\u308c\u3066\u3044\u308b\u30ec\u30b3\u30fc\u30c9\u3092\u5168\u4ef6\u53d6\u5f97\u3059\u308b\u3002\n\n```\nmysql> SELECT * FROM users WHERE id IN (2,3,5);\n+----+-----------------+-----------------------------+-------------------------------+--------+------+------------+-----------+\n| id | name            | name_kana                   | email                         | gender | age  | blood_type | birthday  |\n+----+-----------------+-----------------------------+-------------------------------+--------+------+------------+-----------+\n|  2 | \u7247\u5ca1\u5bff\u660e        | \u304b\u305f\u304a\u304b\u3068\u3057\u3042\u304d            | kataokatoshiaki@example.com   | M      |   21 | A          | 1995/4/21 |\n|  3 | \u5ca1\u5cf6\u614e\u4e4b\u4ecb      | \u304a\u304b\u3058\u307e\u3057\u3093\u306e\u3059\u3051          | okajimashinnosuke@example.com | M      |   20 | O          | 1997/2/4  |\n|  5 | \u85e4\u6751\u6dbc\u5b50        | \u3075\u3058\u3080\u3089\u308a\u3087\u3046\u3053            | fujimuraryouko@example.com    | F      |   33 | O          | 1984/1/28 |\n+----+-----------------+-----------------------------+-------------------------------+--------+------+------------+-----------+\n3 rows in set (0.00 sec)\n```\n\n\u307e\u305f\u3001NOT IN\u3068\u3059\u308b\u3068\u542b\u307e\u308c\u306a\u3044\u3082\u306e\u304c\u53d6\u5f97\u3067\u304d\u307e\u3059\u3002\n\n\n## OR\u3092\u7528\u3044\u305f\u6761\u4ef6\u3067\u30ec\u30b3\u30fc\u30c9\u3092\u53d6\u5f97\u3059\u308b\u3002\n\u8907\u6570\u306e\u6761\u4ef6\u3092\u8a18\u8ff0\u3059\u308b\u3068\u304d\u306f\u4eca\u307e\u3067\u306fAND\u3092\u7528\u3044\u3066\u3044\u307e\u3057\u305f\u304c\u3001\u8907\u6570\u306e\u6761\u4ef6\u306e\u3046\u3061\u3001\u7247\u65b9\u304c\u6210\u308a\u7acb\u3063\u3066\u3044\u308c\u3070\u3088\u3044\u3068\u3044\u3046\u5834\u5408\u3082\u3042\u308b\u3068\u601d\u3044\u307e\u3059\u3002\n\u305d\u306e\u3088\u3046\u306a\u5834\u5408\u306b\u306fAND\u3067\u306f\u306a\u304f\u3001OR\u3067\u6761\u4ef6\u3092\u7e4b\u304e\u307e\u3057\u3087\u3046\u3002\n\n\u4f8b\uff1aage\u304c20\u672a\u6e80\u3042\u308b\u3044\u306fblood_type\u304cB\u3067\u3042\u308b\u30ec\u30b3\u30fc\u30c9\u3092\u5168\u4ef6\u53d6\u5f97\u3059\u308b\u3002\n\n\n```\nmysql> SELECT * FROM users WHERE age < 20 OR blood_type = \"B\";\n+----+-----------------+-----------------------+--------------------------+--------+------+------------+-----------+\n| id | name            | name_kana             | email                    | gender | age  | blood_type | birthday  |\n+----+-----------------+-----------------------+--------------------------+--------+------+------------+-----------+\n|  1 | \u5927\u6751\u90c1\u6075        | \u304a\u304a\u3080\u3089\u3044\u304f\u3048        | oomuraikue@example.com   | F      |   39 | B          | 1978/1/23 |\n|  7 | \u91ce\u5d0e\u7531\u7f8e\u5b50      | \u306e\u3056\u304d\u3086\u307f\u3053          | nozakiyumiko@example.com | F      |   12 | O          | 2005/1/20 |\n|  8 | \u4e95\u53e3\u611b\u5b50        | \u3044\u3050\u3061\u3042\u3044\u3053          | iguchiaiko@example.com   | F      |   18 | B          | 1998/8/6  |\n| 10 | \u90a3\u9808\u7531\u7f8e\u5b50      | \u306a\u3059\u3086\u307f\u3053            | nasuyumiko@example.com   | F      |   13 | A          | 2003/10/5 |\n+----+-----------------+-----------------------+--------------------------+--------+------+------------+-----------+\n4 rows in set (0.00 sec)\n```\n\n## IS NULL\u3092\u7528\u3044\u305f\u6761\u4ef6\u3067\u30ec\u30b3\u30fc\u30c9\u3092\u53d6\u5f97\u3059\u308b\u3002\nIS NULL\u3092\u7528\u3044\u308b\u3068\u30ec\u30b3\u30fc\u30c9\u306e\u3042\u308b\u30ab\u30e9\u30e0\u306b\u5024\u304c\u5165\u3063\u3066\u3044\u306a\u3044\u3082\u306e\u306e\u307f\u3092\u53d6\u5f97\u3059\u308b\u3053\u3068\u304c\u3067\u304d\u307e\u3059\u3002\n\n\u4f8b\uff1aname\u304cNULL\u3068\u306a\u3063\u3066\u3044\u308b\u30ec\u30b3\u30fc\u30c9\u3092\u5168\u4ef6\u53d6\u5f97\u3059\u308b\u3002\uff080\u4ef6\u30d2\u30c3\u30c8\uff09\n\n```\nmysql> SELECT * FROM users WHERE name IS NULL;\nEmpty set (0.00 sec)\n```\n\n\u307e\u305f\u3001IS NOT NULL\u3068\u3059\u308b\u3068NULL\u3067\u306a\u3044\u3082\u306e\u3092\u53d6\u5f97\u3067\u304d\u307e\u3059\u3002\n\u4f8b\uff1aname\u304cNULL\u3067\u306a\u3044\u30ec\u30b3\u30fc\u30c9\u3092\u5168\u4ef6\u53d6\u5f97\u3059\u308b\u3002\uff080\u4ef6\u30d2\u30c3\u30c8\uff09\n\n```\nmysql> SELECT * FROM users WHERE name IS NOT NULL;\n+----+-----------------+-----------------------------+-------------------------------+--------+------+------------+-----------+\n| id | name            | name_kana                   | email                         | gender | age  | blood_type | birthday  |\n+----+-----------------+-----------------------------+-------------------------------+--------+------+------------+-----------+\n|  1 | \u5927\u6751\u90c1\u6075        | \u304a\u304a\u3080\u3089\u3044\u304f\u3048              | oomuraikue@example.com        | F      |   39 | B          | 1978/1/23 |\n|  2 | \u7247\u5ca1\u5bff\u660e        | \u304b\u305f\u304a\u304b\u3068\u3057\u3042\u304d            | kataokatoshiaki@example.com   | M      |   21 | A          | 1995/4/21 |\n|  3 | \u5ca1\u5cf6\u614e\u4e4b\u4ecb      | \u304a\u304b\u3058\u307e\u3057\u3093\u306e\u3059\u3051          | okajimashinnosuke@example.com | M      |   20 | O          | 1997/2/4  |\n|  4 | \u4e2d\u7530\u82f1\u55e3        | \u306a\u304b\u305f\u3072\u3067\u3064\u3050              | nakatahidetsugu@example.com   | M      |   23 | AB         | 1994/1/3  |\n|  5 | \u85e4\u6751\u6dbc\u5b50        | \u3075\u3058\u3080\u3089\u308a\u3087\u3046\u3053            | fujimuraryouko@example.com    | F      |   33 | O          | 1984/1/28 |\n|  6 | \u76f8\u5ddd\u4e00\u8f1d        | \u3042\u3044\u304b\u308f\u304b\u305a\u304d              | aikawakazuki@example.com      | M      |   35 | A          | 1981/8/18 |\n|  7 | \u91ce\u5d0e\u7531\u7f8e\u5b50      | \u306e\u3056\u304d\u3086\u307f\u3053                | nozakiyumiko@example.com      | F      |   12 | O          | 2005/1/20 |\n|  8 | \u4e95\u53e3\u611b\u5b50        | \u3044\u3050\u3061\u3042\u3044\u3053                | iguchiaiko@example.com        | F      |   18 | B          | 1998/8/6  |\n|  9 | \u5c0f\u68ee\u611b          | \u3053\u3082\u308a\u3042\u3044                  | komoriai@example.com          | F      |   30 | O          | 1986/7/17 |\n| 10 | \u90a3\u9808\u7531\u7f8e\u5b50      | \u306a\u3059\u3086\u307f\u3053                  | nasuyumiko@example.com        | F      |   13 | A          | 2003/10/5 |\n+----+-----------------+-----------------------------+-------------------------------+--------+------+------------+-----------+\n10 rows in set (0.00 sec)\n```\n\n", "tags": ["MySQL", "\u65b0\u4eba\u30d7\u30ed\u30b0\u30e9\u30de\u5fdc\u63f4", "\u65b0\u4eba\u6559\u80b2", "\u65b0\u4eba\u7814\u4fee", "\u65b0\u4eba\u5411\u3051"]}