{"context": "\n\n\u3010\u30a8\u30f3\u30b8\u30cb\u30a2\u6559\u6750\u3011MySQL\u7de8\uff084\uff09GROUP BY,HAVING\n\n\u307e\u3048\u304c\u304d\n\u3053\u306e\u30c9\u30ad\u30e5\u30e1\u30f3\u30c8\u306f\u793e\u54e1\u3084\u30a4\u30f3\u30bf\u30fc\u30f3\u751f\u3092\u6559\u80b2\u3059\u308b\u305f\u3081\u306b\u4f5c\u6210\u3057\u305f\u3082\u306e\u3067\u3059\u304c\u3001\n\u305c\u3072\u793e\u5916\u306e\u4eba\u306b\u3082\u898b\u3066\u3044\u305f\u3060\u304d\u305f\u3044\u3068\u601d\u3044\u516c\u958b\u3044\u305f\u3057\u307e\u3057\u305f\u3002\n\u3061\u3087\u3053\u3061\u3087\u3053\u66f4\u65b0\u3057\u307e\u3059\u306e\u3067\u30ea\u30af\u30a8\u30b9\u30c8\u306a\u3069\u3054\u3056\u3044\u307e\u3057\u305f\u3089\u304a\u6c17\u8efd\u306b\u304a\u7533\u3057\u4ed8\u3051\u4e0b\u3055\u3044\u3002\n\u4f53\u7cfb\u7684\u306b\u66f8\u304d\u9032\u3081\u3066\u3044\u304f\u306e\u3067\u30ea\u30af\u30a8\u30b9\u30c8\u3057\u3066\u3044\u305f\u3060\u3044\u305f\u3082\u306e\u306b\u3064\u3044\u3066\u3059\u3050\u304b\u3051\u308b\u4fdd\u8a3c\u306f\u3054\u3056\u3044\u307e\u305b\u3093\u306e\u3067\u3054\u7406\u89e3\u3068\u3054\u4e86\u627f\u306e\u307b\u3069\u3088\u308d\u3057\u304f\u304a\u9858\u3044\u3044\u305f\u3057\u307e\u3059\u3002\n\u3082\u3057\u5f79\u306b\u7acb\u3063\u305f\u3089\u3001\u3044\u3044\u306d\uff01\u3084\u30b9\u30c8\u30c3\u30af\u3092\u3057\u3066\u3082\u3089\u3048\u308b\u3068\u52b1\u307f\u306b\u306a\u308a\u307e\u3059m(_ _)m\n\u3061\u306a\u307f\u306b\u30d7\u30ed\u30d5\u30a3\u30fc\u30eb\u306f\u3053\u3061\u3089\u3002\nhttps://www.wantedly.com/users/1955894\n\nSELECT\u6587\u3067\u96c6\u5408\u95a2\u6570\u3092\u7406\u89e3\u3059\u308b\u3002\n\u4eca\u56de\u306fSELECT\u6587\u3067\u96c6\u5408\u95a2\u6570\u3092\u4f7f\u3063\u3066\u30ec\u30b3\u30fc\u30c9\u3092\u96c6\u8a08\u3059\u308b\u3068\u3044\u3046\u3053\u3068\u3092\u3084\u3063\u3066\u898b\u307e\u3059\u3002\n\u306f\u3058\u3081\u306b\u30c7\u30fc\u30bf\u3092\u7528\u610f\u3057\u307e\u3059\u3002\n\u4eca\u56de\u306f\u30c6\u30b9\u30c8\u7528\u306e\u30c7\u30fc\u30bf\u3092\u30e9\u30f3\u30c0\u30e0\u306b\u751f\u6210\u3057\u3066\u304f\u308c\u308b\u3053\u3061\u3089\u306e\u30b5\u30a4\u30c8\u3092\u7528\u3044\u3066\u30c7\u30fc\u30bf\u3092\u30a4\u30f3\u30dd\u30fc\u30c8\u3057\u307e\u3057\u305f\u3002\nhttp://kazina.com/dummy/index.html\n\u540c\u3058\u30c7\u30fc\u30bf\u3092\u7528\u3044\u3066\u8a66\u3057\u3066\u898b\u305f\u3044\u3068\u3044\u3046\u65b9\u306f\u6b21\u306eSQL\u3092\u5b9f\u884c\u3057\u3066\u30c7\u30fc\u30bf\u3092\u5165\u308c\u3066\u898b\u3066\u304f\u3060\u3055\u3044\u3002\nCREATE TABLE `users` (\n  `id` int(11) unsigned NOT NULL AUTO_INCREMENT,\n  `name` varchar(100) DEFAULT NULL,\n  `name_kana` varchar(100) DEFAULT NULL,\n  `email` varchar(100) DEFAULT NULL,\n  `gender` varchar(10) DEFAULT NULL,\n  `age` int(11) DEFAULT NULL,\n  `blood_type` varchar(10) DEFAULT NULL,\n  `birthday` varchar(20) DEFAULT NULL,\n  PRIMARY KEY (`id`)\n) ENGINE=InnoDB DEFAULT CHARSET=utf8mb4;\n\nINSERT INTO `users` (`id`, `name`, `name_kana`, `email`, `gender`, `age`, `blood_type`, `birthday`)\nVALUES\n    (1,'\u5927\u6751\u90c1\u6075','\u304a\u304a\u3080\u3089\u3044\u304f\u3048','oomuraikue@example.com','F',39,'B','1978/1/23'),\n    (2,'\u7247\u5ca1\u5bff\u660e','\u304b\u305f\u304a\u304b\u3068\u3057\u3042\u304d','kataokatoshiaki@example.com','M',21,'A','1995/4/21'),\n    (3,'\u5ca1\u5cf6\u614e\u4e4b\u4ecb','\u304a\u304b\u3058\u307e\u3057\u3093\u306e\u3059\u3051','okajimashinnosuke@example.com','M',20,'O','1997/2/4'),\n    (4,'\u4e2d\u7530\u82f1\u55e3','\u306a\u304b\u305f\u3072\u3067\u3064\u3050','nakatahidetsugu@example.com','M',23,'AB','1994/1/3'),\n    (5,'\u85e4\u6751\u6dbc\u5b50','\u3075\u3058\u3080\u3089\u308a\u3087\u3046\u3053','fujimuraryouko@example.com','F',33,'O','1984/1/28'),\n    (6,'\u76f8\u5ddd\u4e00\u8f1d','\u3042\u3044\u304b\u308f\u304b\u305a\u304d','aikawakazuki@example.com','M',35,'A','1981/8/18'),\n    (7,'\u91ce\u5d0e\u7531\u7f8e\u5b50','\u306e\u3056\u304d\u3086\u307f\u3053','nozakiyumiko@example.com','F',12,'O','2005/1/20'),\n    (8,'\u4e95\u53e3\u611b\u5b50','\u3044\u3050\u3061\u3042\u3044\u3053','iguchiaiko@example.com','F',18,'B','1998/8/6'),\n    (9,'\u5c0f\u68ee\u611b','\u3053\u3082\u308a\u3042\u3044','komoriai@example.com','F',30,'O','1986/7/17'),\n    (10,'\u90a3\u9808\u7531\u7f8e\u5b50','\u306a\u3059\u3086\u307f\u3053','nasuyumiko@example.com','F',13,'A','2003/10/5');\n\n\u3067\u306f\u306f\u3058\u3081\u3066\u3044\u304d\u307e\u3059\u3002\n\nWHERE\u53e5\u3067\u6761\u4ef6\u6307\u5b9a\u3092\u3057\u3066\u96c6\u8a08\u3092\u3059\u308b\u3002\n\u96c6\u5408\u95a2\u6570\u306f\u306a\u306b\u3082\u6761\u4ef6\u304c\u306a\u3051\u308c\u3070\u5bfe\u8c61\u306e\u5168\u30ec\u30b3\u30fc\u30c9\u306b\u5bfe\u3057\u3066\u96c6\u8a08\u3092\u884c\u3044\u307e\u3059\u304c\u3001\nWHERE\u53e5\u3067\u6761\u4ef6\u306b\u4e00\u81f4\u3057\u305f\u30ec\u30b3\u30fc\u30c9\u306b\u5bfe\u3057\u3066\u96c6\u8a08\u3059\u308b\u3053\u3068\u3082\u3082\u3061\u308d\u3093\u3067\u304d\u307e\u3059\u3002\nmysql> SELECT COUNT(*) AS \"\u4eba\u6570\" FROM users WHERE gender = \"F\";\n+--------+\n| \u4eba\u6570   |\n+--------+\n|      6 |\n+--------+\n1 row in set (0.00 sec)\n\nAS\u306f\u30a8\u30a4\u30ea\u30a2\u30b9\u3068\u3044\u308f\u308c\u308b\u3082\u306e\u3067\u3059\u3002\nAS \"\u4eba\u6570\"\u3068\u3044\u3046\u3082\u306e\u3092\u3064\u3051\u306a\u3044\u3068\u96c6\u8a08\u7d50\u679c\u3067\u9805\u76ee\u304cCOUNT(*)\u3068\u3044\u3046\u610f\u5473\u306e\u308f\u304b\u308a\u306b\u304f\u3044\u540d\u524d\u306b\u306a\u3063\u3066\u3057\u307e\u3044\u307e\u3059\u3002\n\u610f\u5473\u304c\u308f\u304b\u308a\u306b\u304f\u304b\u3063\u305f\u308a\u3001\u6587\u5b57\u6570\u304c\u9577\u304b\u3063\u305f\u308a\u3057\u3066SQL\u3068\u3057\u3066\u8aad\u307f\u306b\u304f\u3044\u5834\u5408\u306b\u306f\u9069\u5b9c\u30a8\u30a4\u30ea\u30a2\u30b9\u3092\u3064\u3051\u308b\u3053\u3068\u3092\u304a\u3059\u3059\u3081\u3057\u307e\u3059\u3002\n\nGROUP\u5225\u3067\u96c6\u8a08\u3092\u3059\u308b\u3002\n\u4e0a\u8a18\u306e\u3088\u3046\u306b\u4e00\u3064\u4e00\u3064\u306e\u30b0\u30eb\u30fc\u30d7\u306e\u6761\u4ef6\u3092WHERE\u3067\u6307\u5b9a\u3057\u3066\u96c6\u8a08\u3059\u308b\u3053\u3068\u3082\u3082\u3061\u308d\u3093\u3067\u304d\u307e\u3059\u304c\u3001\nGROUP BY\u3092\u4f7f\u7528\u3059\u308b\u3068\u4e00\u56de\u3067\u5168\u3066\u306e\u30b0\u30eb\u30fc\u30d7\u306b\u5bfe\u3057\u3066\u540c\u69d8\u306e\u96c6\u8a08\u3092\u884c\u3046\u3053\u3068\u304c\u3067\u304d\u307e\u3059\u3002\nmysql> SELECT gender,COUNT(*) AS \"\u4eba\u6570\" FROM users GROUP BY gender;\n+--------+--------+\n| gender | \u4eba\u6570   |\n+--------+--------+\n| F      |      6 |\n| M      |      4 |\n+--------+--------+\n2 rows in set (0.00 sec)\n\nCOUNT\u4ee5\u5916\u306e\u5168\u3066\u306e\u96c6\u5408\u95a2\u6570\u306f\u672c\u6765\u96c6\u5408\u3054\u3068\u306b\u9069\u7528\u3059\u308b\u305f\u3081\u306e\u3082\u306e\u306a\u306e\u3067\u540c\u69d8\u306e\u3053\u3068\u304c\u884c\u3048\u307e\u3059\u3002\n\nGROUP BY\u3067\u8907\u6570\u306e\u30ab\u30e9\u30e0\u3092\u6307\u5b9a\u3059\u308b\nGROUP BY\u3067\u8907\u6570\u306e\u30ab\u30e9\u30e0\u3092\u6307\u5b9a\u3059\u308b\u3068\u3088\u308a\u8a73\u7d30\u306a\u96c6\u8a08\u7d50\u679c\u3092\u51fa\u529b\u3059\u308b\u3053\u3068\u304c\u3067\u304d\u307e\u3059\u3002\n\u3053\u308c\u306f\u8aac\u660e\u3059\u308b\u3088\u308a\u898b\u305f\u307b\u3046\u304c\u65e9\u3044\u3067\u3059\u3002\n\u4f8b\uff1a\u6027\u5225\u30fb\u8840\u6db2\u578b\u5225\u306e\u4eba\u6570\u3092\u96c6\u8a08\u3059\u308b\u3002\nmysql> SELECT gender,blood_type,COUNT(*) AS \"\u4eba\u6570\" FROM users GROUP BY gender,blood_type;\n+--------+------------+--------+\n| gender | blood_type | \u4eba\u6570   |\n+--------+------------+--------+\n| F      | A          |      1 |\n| F      | B          |      2 |\n| F      | O          |      3 |\n| M      | A          |      2 |\n| M      | AB         |      1 |\n| M      | O          |      1 |\n+--------+------------+--------+\n6 rows in set (0.00 sec)\n\n\nHAVING\u3067\u96c6\u8a08\u7d50\u679c\u3092\u30d5\u30a3\u30eb\u30bf\u30fc\u3059\u308b\nGROUP BY\u3067\u30b0\u30eb\u30fc\u30d7\u3054\u3068\u306b\u5206\u3051\u305f\u306f\u3044\u3044\u3082\u306e\u306e\u3001\n\u5168\u3066\u3092\u5229\u7528\u3057\u305f\u304f\u306a\u3044\u5834\u5408\u3082\u3042\u308b\u3068\u601d\u3044\u307e\u3059\u3002\n\u305d\u306e\u3068\u304d\u306b\u306fHAVING\u53e5\u3092\u7528\u3044\u3066\u96c6\u8a08\u7d50\u679c\u3092\u30d5\u30a3\u30eb\u30bf\u30fc\u3057\u307e\u3059\u3002\nHAVING\u53e5\u3082WHERE\u53e5\u306e\u3088\u3046\u306b\u6761\u4ef6\u3092\u67d4\u8edf\u306b\u8a18\u8ff0\u3059\u308b\u3053\u3068\u304c\u3067\u304d\u307e\u3059\u3002\n\u4f8b\uff1a\u6027\u5225\u30fb\u8840\u6db2\u578b\u5225\u306e\u4eba\u6570\u3092\u96c6\u8a08\u3057\u3001\u4eba\u6570\u304c2\u4eba\u4ee5\u4e0a\u306e\u30b0\u30eb\u30fc\u30d7\u306e\u7d50\u679c\u3060\u3051\u53d6\u5f97\u3059\u308b\u3002\nmysql> SELECT gender,blood_type,COUNT(*) AS \"\u4eba\u6570\" FROM users GROUP BY gender,blood_type HAVING \u4eba\u6570 >= 2;\n+--------+------------+--------+\n| gender | blood_type | \u4eba\u6570   |\n+--------+------------+--------+\n| F      | B          |      2 |\n| F      | O          |      3 |\n| M      | A          |      2 |\n+--------+------------+--------+\n3 rows in set (0.00 sec)\n\n\u2028\n# \u3010\u30a8\u30f3\u30b8\u30cb\u30a2\u6559\u6750\u3011MySQL\u7de8\uff084\uff09GROUP BY,HAVING\n\n\n## \u307e\u3048\u304c\u304d\n\n\u3053\u306e\u30c9\u30ad\u30e5\u30e1\u30f3\u30c8\u306f\u793e\u54e1\u3084\u30a4\u30f3\u30bf\u30fc\u30f3\u751f\u3092\u6559\u80b2\u3059\u308b\u305f\u3081\u306b\u4f5c\u6210\u3057\u305f\u3082\u306e\u3067\u3059\u304c\u3001\n\u305c\u3072\u793e\u5916\u306e\u4eba\u306b\u3082\u898b\u3066\u3044\u305f\u3060\u304d\u305f\u3044\u3068\u601d\u3044\u516c\u958b\u3044\u305f\u3057\u307e\u3057\u305f\u3002\n\n\u3061\u3087\u3053\u3061\u3087\u3053\u66f4\u65b0\u3057\u307e\u3059\u306e\u3067\u30ea\u30af\u30a8\u30b9\u30c8\u306a\u3069\u3054\u3056\u3044\u307e\u3057\u305f\u3089\u304a\u6c17\u8efd\u306b\u304a\u7533\u3057\u4ed8\u3051\u4e0b\u3055\u3044\u3002\n\u4f53\u7cfb\u7684\u306b\u66f8\u304d\u9032\u3081\u3066\u3044\u304f\u306e\u3067\u30ea\u30af\u30a8\u30b9\u30c8\u3057\u3066\u3044\u305f\u3060\u3044\u305f\u3082\u306e\u306b\u3064\u3044\u3066\u3059\u3050\u304b\u3051\u308b\u4fdd\u8a3c\u306f\u3054\u3056\u3044\u307e\u305b\u3093\u306e\u3067\u3054\u7406\u89e3\u3068\u3054\u4e86\u627f\u306e\u307b\u3069\u3088\u308d\u3057\u304f\u304a\u9858\u3044\u3044\u305f\u3057\u307e\u3059\u3002\n\u3082\u3057\u5f79\u306b\u7acb\u3063\u305f\u3089\u3001\u3044\u3044\u306d\uff01\u3084\u30b9\u30c8\u30c3\u30af\u3092\u3057\u3066\u3082\u3089\u3048\u308b\u3068\u52b1\u307f\u306b\u306a\u308a\u307e\u3059m(_ _)m\n\n\u3061\u306a\u307f\u306b\u30d7\u30ed\u30d5\u30a3\u30fc\u30eb\u306f\u3053\u3061\u3089\u3002\nhttps://www.wantedly.com/users/1955894\n\n## SELECT\u6587\u3067\u96c6\u5408\u95a2\u6570\u3092\u7406\u89e3\u3059\u308b\u3002\n\n\u4eca\u56de\u306fSELECT\u6587\u3067\u96c6\u5408\u95a2\u6570\u3092\u4f7f\u3063\u3066\u30ec\u30b3\u30fc\u30c9\u3092\u96c6\u8a08\u3059\u308b\u3068\u3044\u3046\u3053\u3068\u3092\u3084\u3063\u3066\u898b\u307e\u3059\u3002\n\u306f\u3058\u3081\u306b\u30c7\u30fc\u30bf\u3092\u7528\u610f\u3057\u307e\u3059\u3002\n\u4eca\u56de\u306f\u30c6\u30b9\u30c8\u7528\u306e\u30c7\u30fc\u30bf\u3092\u30e9\u30f3\u30c0\u30e0\u306b\u751f\u6210\u3057\u3066\u304f\u308c\u308b\u3053\u3061\u3089\u306e\u30b5\u30a4\u30c8\u3092\u7528\u3044\u3066\u30c7\u30fc\u30bf\u3092\u30a4\u30f3\u30dd\u30fc\u30c8\u3057\u307e\u3057\u305f\u3002\nhttp://kazina.com/dummy/index.html\n\n\u540c\u3058\u30c7\u30fc\u30bf\u3092\u7528\u3044\u3066\u8a66\u3057\u3066\u898b\u305f\u3044\u3068\u3044\u3046\u65b9\u306f\u6b21\u306eSQL\u3092\u5b9f\u884c\u3057\u3066\u30c7\u30fc\u30bf\u3092\u5165\u308c\u3066\u898b\u3066\u304f\u3060\u3055\u3044\u3002\n\n```\nCREATE TABLE `users` (\n  `id` int(11) unsigned NOT NULL AUTO_INCREMENT,\n  `name` varchar(100) DEFAULT NULL,\n  `name_kana` varchar(100) DEFAULT NULL,\n  `email` varchar(100) DEFAULT NULL,\n  `gender` varchar(10) DEFAULT NULL,\n  `age` int(11) DEFAULT NULL,\n  `blood_type` varchar(10) DEFAULT NULL,\n  `birthday` varchar(20) DEFAULT NULL,\n  PRIMARY KEY (`id`)\n) ENGINE=InnoDB DEFAULT CHARSET=utf8mb4;\n\nINSERT INTO `users` (`id`, `name`, `name_kana`, `email`, `gender`, `age`, `blood_type`, `birthday`)\nVALUES\n\t(1,'\u5927\u6751\u90c1\u6075','\u304a\u304a\u3080\u3089\u3044\u304f\u3048','oomuraikue@example.com','F',39,'B','1978/1/23'),\n\t(2,'\u7247\u5ca1\u5bff\u660e','\u304b\u305f\u304a\u304b\u3068\u3057\u3042\u304d','kataokatoshiaki@example.com','M',21,'A','1995/4/21'),\n\t(3,'\u5ca1\u5cf6\u614e\u4e4b\u4ecb','\u304a\u304b\u3058\u307e\u3057\u3093\u306e\u3059\u3051','okajimashinnosuke@example.com','M',20,'O','1997/2/4'),\n\t(4,'\u4e2d\u7530\u82f1\u55e3','\u306a\u304b\u305f\u3072\u3067\u3064\u3050','nakatahidetsugu@example.com','M',23,'AB','1994/1/3'),\n\t(5,'\u85e4\u6751\u6dbc\u5b50','\u3075\u3058\u3080\u3089\u308a\u3087\u3046\u3053','fujimuraryouko@example.com','F',33,'O','1984/1/28'),\n\t(6,'\u76f8\u5ddd\u4e00\u8f1d','\u3042\u3044\u304b\u308f\u304b\u305a\u304d','aikawakazuki@example.com','M',35,'A','1981/8/18'),\n\t(7,'\u91ce\u5d0e\u7531\u7f8e\u5b50','\u306e\u3056\u304d\u3086\u307f\u3053','nozakiyumiko@example.com','F',12,'O','2005/1/20'),\n\t(8,'\u4e95\u53e3\u611b\u5b50','\u3044\u3050\u3061\u3042\u3044\u3053','iguchiaiko@example.com','F',18,'B','1998/8/6'),\n\t(9,'\u5c0f\u68ee\u611b','\u3053\u3082\u308a\u3042\u3044','komoriai@example.com','F',30,'O','1986/7/17'),\n\t(10,'\u90a3\u9808\u7531\u7f8e\u5b50','\u306a\u3059\u3086\u307f\u3053','nasuyumiko@example.com','F',13,'A','2003/10/5');\n```\n\n\u3067\u306f\u306f\u3058\u3081\u3066\u3044\u304d\u307e\u3059\u3002\n\n## WHERE\u53e5\u3067\u6761\u4ef6\u6307\u5b9a\u3092\u3057\u3066\u96c6\u8a08\u3092\u3059\u308b\u3002\n\u96c6\u5408\u95a2\u6570\u306f\u306a\u306b\u3082\u6761\u4ef6\u304c\u306a\u3051\u308c\u3070\u5bfe\u8c61\u306e\u5168\u30ec\u30b3\u30fc\u30c9\u306b\u5bfe\u3057\u3066\u96c6\u8a08\u3092\u884c\u3044\u307e\u3059\u304c\u3001\nWHERE\u53e5\u3067\u6761\u4ef6\u306b\u4e00\u81f4\u3057\u305f\u30ec\u30b3\u30fc\u30c9\u306b\u5bfe\u3057\u3066\u96c6\u8a08\u3059\u308b\u3053\u3068\u3082\u3082\u3061\u308d\u3093\u3067\u304d\u307e\u3059\u3002\n\n```\nmysql> SELECT COUNT(*) AS \"\u4eba\u6570\" FROM users WHERE gender = \"F\";\n+--------+\n| \u4eba\u6570   |\n+--------+\n|      6 |\n+--------+\n1 row in set (0.00 sec)\n```\n\nAS\u306f\u30a8\u30a4\u30ea\u30a2\u30b9\u3068\u3044\u308f\u308c\u308b\u3082\u306e\u3067\u3059\u3002\nAS \"\u4eba\u6570\"\u3068\u3044\u3046\u3082\u306e\u3092\u3064\u3051\u306a\u3044\u3068\u96c6\u8a08\u7d50\u679c\u3067\u9805\u76ee\u304cCOUNT(*)\u3068\u3044\u3046\u610f\u5473\u306e\u308f\u304b\u308a\u306b\u304f\u3044\u540d\u524d\u306b\u306a\u3063\u3066\u3057\u307e\u3044\u307e\u3059\u3002\n\u610f\u5473\u304c\u308f\u304b\u308a\u306b\u304f\u304b\u3063\u305f\u308a\u3001\u6587\u5b57\u6570\u304c\u9577\u304b\u3063\u305f\u308a\u3057\u3066SQL\u3068\u3057\u3066\u8aad\u307f\u306b\u304f\u3044\u5834\u5408\u306b\u306f\u9069\u5b9c\u30a8\u30a4\u30ea\u30a2\u30b9\u3092\u3064\u3051\u308b\u3053\u3068\u3092\u304a\u3059\u3059\u3081\u3057\u307e\u3059\u3002\n\n## GROUP\u5225\u3067\u96c6\u8a08\u3092\u3059\u308b\u3002\n\u4e0a\u8a18\u306e\u3088\u3046\u306b\u4e00\u3064\u4e00\u3064\u306e\u30b0\u30eb\u30fc\u30d7\u306e\u6761\u4ef6\u3092WHERE\u3067\u6307\u5b9a\u3057\u3066\u96c6\u8a08\u3059\u308b\u3053\u3068\u3082\u3082\u3061\u308d\u3093\u3067\u304d\u307e\u3059\u304c\u3001\nGROUP BY\u3092\u4f7f\u7528\u3059\u308b\u3068\u4e00\u56de\u3067\u5168\u3066\u306e\u30b0\u30eb\u30fc\u30d7\u306b\u5bfe\u3057\u3066\u540c\u69d8\u306e\u96c6\u8a08\u3092\u884c\u3046\u3053\u3068\u304c\u3067\u304d\u307e\u3059\u3002\n\n```\nmysql> SELECT gender,COUNT(*) AS \"\u4eba\u6570\" FROM users GROUP BY gender;\n+--------+--------+\n| gender | \u4eba\u6570   |\n+--------+--------+\n| F      |      6 |\n| M      |      4 |\n+--------+--------+\n2 rows in set (0.00 sec)\n```\n\nCOUNT\u4ee5\u5916\u306e\u5168\u3066\u306e\u96c6\u5408\u95a2\u6570\u306f\u672c\u6765\u96c6\u5408\u3054\u3068\u306b\u9069\u7528\u3059\u308b\u305f\u3081\u306e\u3082\u306e\u306a\u306e\u3067\u540c\u69d8\u306e\u3053\u3068\u304c\u884c\u3048\u307e\u3059\u3002\n\n\n## GROUP BY\u3067\u8907\u6570\u306e\u30ab\u30e9\u30e0\u3092\u6307\u5b9a\u3059\u308b\nGROUP BY\u3067\u8907\u6570\u306e\u30ab\u30e9\u30e0\u3092\u6307\u5b9a\u3059\u308b\u3068\u3088\u308a\u8a73\u7d30\u306a\u96c6\u8a08\u7d50\u679c\u3092\u51fa\u529b\u3059\u308b\u3053\u3068\u304c\u3067\u304d\u307e\u3059\u3002\n\u3053\u308c\u306f\u8aac\u660e\u3059\u308b\u3088\u308a\u898b\u305f\u307b\u3046\u304c\u65e9\u3044\u3067\u3059\u3002\n\u4f8b\uff1a\u6027\u5225\u30fb\u8840\u6db2\u578b\u5225\u306e\u4eba\u6570\u3092\u96c6\u8a08\u3059\u308b\u3002\n\n```\nmysql> SELECT gender,blood_type,COUNT(*) AS \"\u4eba\u6570\" FROM users GROUP BY gender,blood_type;\n+--------+------------+--------+\n| gender | blood_type | \u4eba\u6570   |\n+--------+------------+--------+\n| F      | A          |      1 |\n| F      | B          |      2 |\n| F      | O          |      3 |\n| M      | A          |      2 |\n| M      | AB         |      1 |\n| M      | O          |      1 |\n+--------+------------+--------+\n6 rows in set (0.00 sec)\n```\n\n\n## HAVING\u3067\u96c6\u8a08\u7d50\u679c\u3092\u30d5\u30a3\u30eb\u30bf\u30fc\u3059\u308b\nGROUP BY\u3067\u30b0\u30eb\u30fc\u30d7\u3054\u3068\u306b\u5206\u3051\u305f\u306f\u3044\u3044\u3082\u306e\u306e\u3001\n\u5168\u3066\u3092\u5229\u7528\u3057\u305f\u304f\u306a\u3044\u5834\u5408\u3082\u3042\u308b\u3068\u601d\u3044\u307e\u3059\u3002\n\u305d\u306e\u3068\u304d\u306b\u306fHAVING\u53e5\u3092\u7528\u3044\u3066\u96c6\u8a08\u7d50\u679c\u3092\u30d5\u30a3\u30eb\u30bf\u30fc\u3057\u307e\u3059\u3002\n\nHAVING\u53e5\u3082WHERE\u53e5\u306e\u3088\u3046\u306b\u6761\u4ef6\u3092\u67d4\u8edf\u306b\u8a18\u8ff0\u3059\u308b\u3053\u3068\u304c\u3067\u304d\u307e\u3059\u3002\n\u4f8b\uff1a\u6027\u5225\u30fb\u8840\u6db2\u578b\u5225\u306e\u4eba\u6570\u3092\u96c6\u8a08\u3057\u3001\u4eba\u6570\u304c2\u4eba\u4ee5\u4e0a\u306e\u30b0\u30eb\u30fc\u30d7\u306e\u7d50\u679c\u3060\u3051\u53d6\u5f97\u3059\u308b\u3002\n\n```\nmysql> SELECT gender,blood_type,COUNT(*) AS \"\u4eba\u6570\" FROM users GROUP BY gender,blood_type HAVING \u4eba\u6570 >= 2;\n+--------+------------+--------+\n| gender | blood_type | \u4eba\u6570   |\n+--------+------------+--------+\n| F      | B          |      2 |\n| F      | O          |      3 |\n| M      | A          |      2 |\n+--------+------------+--------+\n3 rows in set (0.00 sec)\n```\n\u2028\n", "tags": ["GroupBy", "MySQL", "\u65b0\u4eba\u30d7\u30ed\u30b0\u30e9\u30de\u5fdc\u63f4", "\u65b0\u4eba\u6559\u80b2", "\u65b0\u4eba\u7814\u4fee"]}