{"context": "\n\n\u306f\u3058\u3081\u306b\n\u4eca\u56de\u306fMySQL\u306eDATETIME\u578b\u3068TIMESTAMP\u578b\u306e\u6319\u52d5\u306e\u9055\u3044\u3092\u691c\u8a3c\u3057\u3066\u307f\u307e\u3057\u305f\u3002\nMySQL5.6\u3092\u4f7f\u7528\u3057\u3066\u3044\u307e\u3059\u3002\n\n\u691c\u8a3c\n\n\u5024\u306e\u30b5\u30dd\u30fc\u30c8\u7bc4\u56f2\u306e\u9055\u3044\n\n\n\nDATETIME\u578b\nTIMESTAMP\u578b\n\n\n\n\n'1000-01-01 00:00:00' \uff5e '9999-12-31 23:59:59'\n'1970-01-01 00:00:01' UTC \uff5e '2038-01-19 03:14:07' UTC\n\n\n\nTIMESTAMP\u578b\u306f\u30b5\u30dd\u30fc\u30c8\u3055\u308c\u3066\u3044\u308b\u7bc4\u56f2\u304c\u72ed\u3044\u305f\u3081\u6ce8\u610f\u304c\u5fc5\u8981\u3067\u3059\u3002\nDATETIME\u578b\u306f\u6708\u3084\u65e5\u4ed8\u306b 00 \u3092\u8a31\u5bb9\u3059\u308b\u305f\u3081\u3001\u3053\u3061\u3089\u3082\u6ce8\u610f\u304c\u5fc5\u8981\u3067\u3059\u3002\n\n\u767b\u9332\u3055\u308c\u308b\u5024\u306e\u9055\u3044\n\u4ee5\u4e0b\u306e\u3088\u3046\u306a\u5024\u3092\u6307\u5b9a\u3057\u305f\u3068\u304d\u3001\u30c7\u30fc\u30bf\u30d9\u30fc\u30b9\u306b\u306f\u3069\u306e\u3088\u3046\u306a\u5024\u304c\u767b\u9332\u3055\u308c\u308b\u306e\u304b\u691c\u8a3c\u3057\u307e\u3057\u305f\u3002\n\n\u5024\u3092\u6307\u5b9a\u3057\u306a\u3044\n\u7a7a\u6587\u5b57\u3092\u6307\u5b9a\u3059\u308b\nNULL\u3092\u6307\u5b9a\u3059\u308b\n0\u3092\u6307\u5b9a\u3059\u308b\n\u6708\u3084\u65e5\u4ed8\u306b 00 \u3092\u6307\u5b9a\u3059\u308b(2016-00-00 00:00:00)\n\u6570\u5b57\u4ee5\u5916\u306e\u6587\u5b57\u3092\u542b\u3080\u5024\u3092\u6307\u5b9a\u3059\u308b(aaaa-aa-aa aa:aa:aa)\n\n\nDATETIME\u578b\u306e\u3068\u304d\nDATETIME\u578b\u306e\u30ab\u30e9\u30e0\u3092\u6301\u3064\u30c6\u30fc\u30d6\u30eb\u3092\u4f5c\u6210\u3057\u307e\u3059\u3002\nCREATE TABLE datetime_tb (\n    id int NOT NULL AUTO_INCREMENT,\n    description varchar(20),\n    no_default datetime,\n    default_null datetime DEFAULT NULL,\n    default_zero datetime DEFAULT 0,\n    PRIMARY KEY (id)\n);\n\n\u5b9f\u969b\u306b\u4f5c\u3089\u308c\u305f\u30c6\u30fc\u30d6\u30eb\u306e\u69cb\u6210\u3092\u78ba\u8a8d\u3057\u3066\u307f\u307e\u3059\u3002\ndatetime\u578b\u306e\u30ab\u30e9\u30e0\u3067DEFAULT\u306b\u5024\u3092\u6307\u5b9a\u3057\u306a\u304b\u3063\u305f\u5834\u5408\u3001\nDEFAULT\u306f NULL \u3068\u306a\u308a\u307e\u3057\u305f\u3002\nmysql> SHOW COLUMNS FROM datetime_tb;\n+--------------+-------------+------+-----+---------------------+----------------+\n| Field        | Type        | Null | Key | Default             | Extra          |\n+--------------+-------------+------+-----+---------------------+----------------+\n| id           | int(11)     | NO   | PRI | NULL                | auto_increment |\n| descreption  | varchar(20) | YES  |     | NULL                |                |\n| no_default   | datetime    | YES  |     | NULL                |                |\n| default_null | datetime    | YES  |     | NULL                |                |\n| default_zero | datetime    | YES  |     | 0000-00-00 00:00:00 |                |\n+--------------+-------------+------+-----+---------------------+----------------+\n5 rows in set (0.00 sec)\n\n\n\u3053\u306e\u30c6\u30fc\u30d6\u30eb\u306b\u5bfe\u3057\u3066\u4ee5\u4e0b\u306e\u3088\u3046\u306a\u30c7\u30fc\u30bf\u3092\u6295\u5165\u3057\u307e\u3059\u3002\nINSERT INTO datetime_tb (description) VALUE (\"\u6307\u5b9a\u3057\u306a\u3044\");\nINSERT INTO datetime_tb (description, no_default, default_null, default_zero) VALUE (\"\u7a7a\u6587\u5b57\", \"\", \"\", \"\");\nINSERT INTO datetime_tb (description, no_default, default_null, default_zero) VALUE (\"NULL\", NULL, NULL, NULL);\nINSERT INTO datetime_tb (description, no_default, default_null, default_zero) VALUE (\"0\", 0, 0, 0);\nINSERT INTO datetime_tb (description, no_default, default_null, default_zero) VALUE (\"\u6708\u3001\u65e5\u4ed8\u304c00\", \"2016-00-00 00:00:00\", \"2016-00-00 00:00:00\", \"2016-00-00 00:00:00\");\nINSERT INTO datetime_tb (description, no_default, default_null, default_zero) VALUE (\"\u6570\u5024\u3067\u306a\u3044\", \"aaaa-aa-aa aa:aa:aa\", \"aaaa-aa-aa aa:aa:aa\", \"aaaa-aa-aa aa:aa:aa\");\n\n\u5b9f\u969b\u306b\u30c6\u30fc\u30d6\u30eb\u306b\u306f\u3069\u306e\u3088\u3046\u306a\u5024\u304c\u767b\u9332\u3055\u308c\u305f\u306e\u304b\u3001\u4e0b\u8a18\u306e\u3088\u3046\u306b\u3057\u3066\u78ba\u8a8d\u3057\u307e\u3057\u305f\u3002\nmysql> SELECT * FROM datetime_tb;\n+----+-------------------+---------------------+---------------------+---------------------+\n| id | description       | no_default          | default_null        | default_zero        |\n+----+-------------------+---------------------+---------------------+---------------------+\n|  1 | \u6307\u5b9a\u3057\u306a\u3044         | NULL                | NULL                | 0000-00-00 00:00:00 |\n|  2 | \u7a7a\u6587\u5b57             | 0000-00-00 00:00:00 | 0000-00-00 00:00:00 | 0000-00-00 00:00:00 |\n|  3 | NULL              | NULL                | NULL                | NULL                |\n|  4 | 0                 | 0000-00-00 00:00:00 | 0000-00-00 00:00:00 | 0000-00-00 00:00:00 |\n|  5 | \u6708\u3001\u65e5\u4ed8\u304c00       | 2016-00-00 00:00:00 | 2016-00-00 00:00:00 | 2016-00-00 00:00:00 |\n|  6 | \u6570\u5024\u3067\u306a\u3044         | 0000-00-00 00:00:00 | 0000-00-00 00:00:00 | 0000-00-00 00:00:00 |\n+----+-------------------+---------------------+---------------------+---------------------+\n6 rows in set (0.00 sec)\n\n\n\u57fa\u672c\u7684\u306b\u306fINSERT\u3067\u6307\u5b9a\u3057\u305f\u5024\u304c\u5165\u308b\n\u30ab\u30e9\u30e0\u306b\u5024\u3092\u6307\u5b9a\u3057\u306a\u304b\u3063\u305f\u5834\u5408\u3068\u30a2\u30eb\u30d5\u30a1\u30d9\u30c3\u30c8\u306a\u3069\u6570\u5024\u3068\u3057\u3066\u3075\u3055\u308f\u3057\u304f\u306a\u3044\u5024\u304c\u5165\u308b\u5834\u5408\u306f\u3001DEFAULT\u5024\u304c\u5165\u308b\n\u6708\u3084\u65e5\u4ed8\u306b 00 \u3092\u8a31\u5bb9\u3059\u308b\n\n\nTIMESTAMP\u578b\u306e\u3068\u304d\n\u7d9a\u3044\u3066TIMESTAMP\u578b\u306e\u30ab\u30e9\u30e0\u3092\u6301\u3064\u30c6\u30fc\u30d6\u30eb\u3092\u4f5c\u6210\u3057\u307e\u3059\u3002\nCREATE TABLE timestamp_tb (\n    id int NOT NULL AUTO_INCREMENT,\n    description varchar(20),\n    no_default timestamp,\n    default_zero timestamp DEFAULT 0,\n    PRIMARY KEY (id)\n);\n\n\u5b9f\u969b\u306b\u4f5c\u3089\u308c\u305f\u30c6\u30fc\u30d6\u30eb\u306e\u69cb\u6210\u3092\u78ba\u8a8d\u3057\u3066\u307f\u307e\u3059\u3002\ntimestamp\u578b\u306e\u30ab\u30e9\u30e0\u3067DEFAULT\u306b\u5024\u3092\u6307\u5b9a\u3057\u306a\u304b\u3063\u305f\u5834\u5408\u3001\nDEFAULT\u306f CURRENT_TIMESTAMP \u3068\u306a\u308a\u3001\u30ec\u30b3\u30fc\u30c9\u304c\u66f4\u65b0\u3055\u308c\u305f\u6642\u306b\u81ea\u52d5\u3067\u65e5\u6642\u304c\u66f4\u65b0\u3055\u308c\u308b\u3088\u3046\u306b\u8a2d\u5b9a\u3055\u308c\u307e\u3057\u305f\u3002\nmysql> SHOW COLUMNS FROM timestamp_tb;\n+--------------+-------------+------+-----+---------------------+-----------------------------+\n| Field        | Type        | Null | Key | Default             | Extra                       |\n+--------------+-------------+------+-----+---------------------+-----------------------------+\n| id           | int(11)     | NO   | PRI | NULL                | auto_increment              |\n| description  | varchar(20) | YES  |     | NULL                |                             |\n| no_default   | timestamp   | NO   |     | CURRENT_TIMESTAMP   | on update CURRENT_TIMESTAMP |\n| default_zero | timestamp   | NO   |     | 0000-00-00 00:00:00 |                             |\n+--------------+-------------+------+-----+---------------------+-----------------------------+\n4 rows in set (0.00 sec)\n\n\n\u307e\u305f\u3001timestamp\u578b\u306e\u30ab\u30e9\u30e0\u306eDEFAULT\u306b\u3001\nNULL \u3092\u6307\u5b9a\u3057\u305f\u3068\u3053\u308d\u30a8\u30e9\u30fc\u3068\u306a\u308a\u307e\u3057\u305f\u3002\nmysql> CREATE TABLE timestamp_tb (\n    ->     id int NOT NULL AUTO_INCREMENT,\n    ->     description varchar(20),\n    ->     no_default timestamp,\n    ->     default_null timestamp DEFAULT NULL,\n    ->     default_zero timestamp DEFAULT 0,\n    ->     PRIMARY KEY (id)\n    -> );\nERROR 1067 (42000): Invalid default value for 'default_null'\n\n\u3053\u306e\u30c6\u30fc\u30d6\u30eb\u306b\u5bfe\u3057\u3066\u4ee5\u4e0b\u306e\u3088\u3046\u306a\u30c7\u30fc\u30bf\u3092\u6295\u5165\u3057\u307e\u3059\u3002\nINSERT INTO timestamp_tb (description) VALUE (\"\u6307\u5b9a\u3057\u306a\u3044\");\nINSERT INTO timestamp_tb (description, no_default, default_zero) VALUE (\"\u7a7a\u6587\u5b57\", \"\", \"\");\nINSERT INTO timestamp_tb (description, no_default, default_zero) VALUE (\"NULL\", NULL, NULL);\nINSERT INTO timestamp_tb (description, no_default, default_zero) VALUE (\"0\", 0, 0);\nINSERT INTO timestamp_tb (description, no_default, default_zero) VALUE (\"\u6708\u3001\u65e5\u4ed8\u304c00\", \"2016-00-00 00:00:00\", \"2016-00-00 00:00:00\");\nINSERT INTO timestamp_tb (description, no_default, default_zero) VALUE (\"\u6570\u5024\u3067\u306a\u3044\", \"aaaa-aa-aa aa:aa:aa\", \"aaaa-aa-aa aa:aa:aa\");\n\n\u5b9f\u969b\u306b\u30c6\u30fc\u30d6\u30eb\u306b\u306f\u3069\u306e\u3088\u3046\u306a\u5024\u304c\u767b\u9332\u3055\u308c\u305f\u306e\u304b\u3001\u4e0b\u8a18\u306e\u3088\u3046\u306b\u3057\u3066\u78ba\u8a8d\u3057\u307e\u3057\u305f\u3002\nmysql> SELECT * FROM timestamp_tb;\n+----+-------------------+---------------------+---------------------+\n| id | description       | no_default          | default_zero        |\n+----+-------------------+---------------------+---------------------+\n|  1 | \u6307\u5b9a\u3057\u306a\u3044         | 2016-03-16 01:40:12 | 0000-00-00 00:00:00 |\n|  2 | \u7a7a\u6587\u5b57             | 0000-00-00 00:00:00 | 0000-00-00 00:00:00 |\n|  3 | NULL              | 2016-03-16 01:41:12 | 2016-03-16 01:41:12 |\n|  4 | 0                 | 0000-00-00 00:00:00 | 0000-00-00 00:00:00 |\n|  5 | \u6708\u3001\u65e5\u4ed8\u304c00       | 0000-00-00 00:00:00 | 0000-00-00 00:00:00 |\n|  6 | \u6570\u5024\u3067\u306a\u3044         | 0000-00-00 00:00:00 | 0000-00-00 00:00:00 |\n+----+-------------------+---------------------+---------------------+\n7 rows in set (0.00 sec)\n\n\n\u5024\u3092\u6307\u5b9a\u3057\u306a\u304b\u3063\u305f\u5834\u5408\u3084NULL\u304c\u6307\u5b9a\u3055\u308c\u305f\u5834\u5408\u306f\u3001DEFAULT\u5024\u304c\u5165\u308b\u3002\n\u7a7a\u6587\u5b57\u30840\u3001\u65e5\u4ed8\u3068\u3057\u3066\u3075\u3055\u308f\u3057\u304f\u306a\u3044\u5024\u304c\u6307\u5b9a\u3055\u308c\u305f\u5834\u5408\u306f\u3001 0000-00-00 00:00:00 \u304c\u5165\u308b \n\u6708\u3084\u65e5\u4ed8\u306b 00 \u3092\u8a31\u5bb9\u3057\u306a\u3044\n\n\n\u307e\u3068\u3081\ndatetime\u578b\u3068timestamp\u578b\u3067\u306f\u540c\u3058\u5024\u3092\u6307\u5b9a\u3057\u305f\u5834\u5408\u3067\u3082\u3001\u767b\u9332\u3055\u308c\u308b\u5024\u306b\u5dee\u304c\u3042\u308b\u3053\u3068\u304c\u308f\u304b\u308a\u307e\u3057\u305f\u3002\n\u307e\u305f\u3001\u578b\u306b\u3088\u3063\u3066\u5024\u3092\u30b5\u30dd\u30fc\u30c8\u3059\u308b\u7bc4\u56f2\u306b\u3082\u5dee\u304c\u3042\u308b\u3053\u3068\u3082\u8003\u616e\u3057\u3001\n\u3069\u3061\u3089\u306e\u578b\u3092\u4f7f\u3046\u3079\u304d\u304b\u691c\u8a0e\u3059\u308b\u3088\u3046\u306b\u6c17\u3092\u4ed8\u3051\u3088\u3046\u3068\u601d\u3044\u307e\u3059\u3002\n\n\u53c2\u8003\u30b5\u30a4\u30c8\nMySQL 5.6 \u30ea\u30d5\u30a1\u30ec\u30f3\u30b9\u30de\u30cb\u30e5\u30a2\u30eb :: 11.3.1 DATE\u3001DATETIME\u3001\u304a\u3088\u3073 TIMESTAMP \u578b\n# \u306f\u3058\u3081\u306b\n\n\u4eca\u56de\u306fMySQL\u306eDATETIME\u578b\u3068TIMESTAMP\u578b\u306e\u6319\u52d5\u306e\u9055\u3044\u3092\u691c\u8a3c\u3057\u3066\u307f\u307e\u3057\u305f\u3002\nMySQL5.6\u3092\u4f7f\u7528\u3057\u3066\u3044\u307e\u3059\u3002\n\n# \u691c\u8a3c\n\n## \u5024\u306e\u30b5\u30dd\u30fc\u30c8\u7bc4\u56f2\u306e\u9055\u3044\n\n|DATETIME\u578b|TIMESTAMP\u578b|\n|:--|:--|\n|'1000-01-01 00:00:00' \uff5e '9999-12-31 23:59:59'|'1970-01-01 00:00:01' UTC \uff5e '2038-01-19 03:14:07' UTC|\n\nTIMESTAMP\u578b\u306f\u30b5\u30dd\u30fc\u30c8\u3055\u308c\u3066\u3044\u308b\u7bc4\u56f2\u304c\u72ed\u3044\u305f\u3081\u6ce8\u610f\u304c\u5fc5\u8981\u3067\u3059\u3002\nDATETIME\u578b\u306f\u6708\u3084\u65e5\u4ed8\u306b `00` \u3092\u8a31\u5bb9\u3059\u308b\u305f\u3081\u3001\u3053\u3061\u3089\u3082\u6ce8\u610f\u304c\u5fc5\u8981\u3067\u3059\u3002\n\n## \u767b\u9332\u3055\u308c\u308b\u5024\u306e\u9055\u3044\n\n\u4ee5\u4e0b\u306e\u3088\u3046\u306a\u5024\u3092\u6307\u5b9a\u3057\u305f\u3068\u304d\u3001\u30c7\u30fc\u30bf\u30d9\u30fc\u30b9\u306b\u306f\u3069\u306e\u3088\u3046\u306a\u5024\u304c\u767b\u9332\u3055\u308c\u308b\u306e\u304b\u691c\u8a3c\u3057\u307e\u3057\u305f\u3002\n\n1. \u5024\u3092\u6307\u5b9a\u3057\u306a\u3044\n2. \u7a7a\u6587\u5b57\u3092\u6307\u5b9a\u3059\u308b\n3. NULL\u3092\u6307\u5b9a\u3059\u308b\n4. 0\u3092\u6307\u5b9a\u3059\u308b\n5. \u6708\u3084\u65e5\u4ed8\u306b `00` \u3092\u6307\u5b9a\u3059\u308b(2016-00-00 00:00:00)\n6. \u6570\u5b57\u4ee5\u5916\u306e\u6587\u5b57\u3092\u542b\u3080\u5024\u3092\u6307\u5b9a\u3059\u308b(aaaa-aa-aa aa:aa:aa)\n\n### DATETIME\u578b\u306e\u3068\u304d\n\nDATETIME\u578b\u306e\u30ab\u30e9\u30e0\u3092\u6301\u3064\u30c6\u30fc\u30d6\u30eb\u3092\u4f5c\u6210\u3057\u307e\u3059\u3002\n\n```\nCREATE TABLE datetime_tb (\n    id int NOT NULL AUTO_INCREMENT,\n    description varchar(20),\n    no_default datetime,\n    default_null datetime DEFAULT NULL,\n    default_zero datetime DEFAULT 0,\n    PRIMARY KEY (id)\n);\n```\n\n\u5b9f\u969b\u306b\u4f5c\u3089\u308c\u305f\u30c6\u30fc\u30d6\u30eb\u306e\u69cb\u6210\u3092\u78ba\u8a8d\u3057\u3066\u307f\u307e\u3059\u3002\ndatetime\u578b\u306e\u30ab\u30e9\u30e0\u3067DEFAULT\u306b\u5024\u3092\u6307\u5b9a\u3057\u306a\u304b\u3063\u305f\u5834\u5408\u3001\nDEFAULT\u306f `NULL` \u3068\u306a\u308a\u307e\u3057\u305f\u3002\n\n```\nmysql> SHOW COLUMNS FROM datetime_tb;\n+--------------+-------------+------+-----+---------------------+----------------+\n| Field        | Type        | Null | Key | Default             | Extra          |\n+--------------+-------------+------+-----+---------------------+----------------+\n| id           | int(11)     | NO   | PRI | NULL                | auto_increment |\n| descreption  | varchar(20) | YES  |     | NULL                |                |\n| no_default   | datetime    | YES  |     | NULL                |                |\n| default_null | datetime    | YES  |     | NULL                |                |\n| default_zero | datetime    | YES  |     | 0000-00-00 00:00:00 |                |\n+--------------+-------------+------+-----+---------------------+----------------+\n5 rows in set (0.00 sec)\n\n```\n\n\u3053\u306e\u30c6\u30fc\u30d6\u30eb\u306b\u5bfe\u3057\u3066\u4ee5\u4e0b\u306e\u3088\u3046\u306a\u30c7\u30fc\u30bf\u3092\u6295\u5165\u3057\u307e\u3059\u3002\n\n```\nINSERT INTO datetime_tb (description) VALUE (\"\u6307\u5b9a\u3057\u306a\u3044\");\nINSERT INTO datetime_tb (description, no_default, default_null, default_zero) VALUE (\"\u7a7a\u6587\u5b57\", \"\", \"\", \"\");\nINSERT INTO datetime_tb (description, no_default, default_null, default_zero) VALUE (\"NULL\", NULL, NULL, NULL);\nINSERT INTO datetime_tb (description, no_default, default_null, default_zero) VALUE (\"0\", 0, 0, 0);\nINSERT INTO datetime_tb (description, no_default, default_null, default_zero) VALUE (\"\u6708\u3001\u65e5\u4ed8\u304c00\", \"2016-00-00 00:00:00\", \"2016-00-00 00:00:00\", \"2016-00-00 00:00:00\");\nINSERT INTO datetime_tb (description, no_default, default_null, default_zero) VALUE (\"\u6570\u5024\u3067\u306a\u3044\", \"aaaa-aa-aa aa:aa:aa\", \"aaaa-aa-aa aa:aa:aa\", \"aaaa-aa-aa aa:aa:aa\");\n```\n\n\u5b9f\u969b\u306b\u30c6\u30fc\u30d6\u30eb\u306b\u306f\u3069\u306e\u3088\u3046\u306a\u5024\u304c\u767b\u9332\u3055\u308c\u305f\u306e\u304b\u3001\u4e0b\u8a18\u306e\u3088\u3046\u306b\u3057\u3066\u78ba\u8a8d\u3057\u307e\u3057\u305f\u3002\n\n```\nmysql> SELECT * FROM datetime_tb;\n+----+-------------------+---------------------+---------------------+---------------------+\n| id | description       | no_default          | default_null        | default_zero        |\n+----+-------------------+---------------------+---------------------+---------------------+\n|  1 | \u6307\u5b9a\u3057\u306a\u3044         | NULL                | NULL                | 0000-00-00 00:00:00 |\n|  2 | \u7a7a\u6587\u5b57             | 0000-00-00 00:00:00 | 0000-00-00 00:00:00 | 0000-00-00 00:00:00 |\n|  3 | NULL              | NULL                | NULL                | NULL                |\n|  4 | 0                 | 0000-00-00 00:00:00 | 0000-00-00 00:00:00 | 0000-00-00 00:00:00 |\n|  5 | \u6708\u3001\u65e5\u4ed8\u304c00       | 2016-00-00 00:00:00 | 2016-00-00 00:00:00 | 2016-00-00 00:00:00 |\n|  6 | \u6570\u5024\u3067\u306a\u3044         | 0000-00-00 00:00:00 | 0000-00-00 00:00:00 | 0000-00-00 00:00:00 |\n+----+-------------------+---------------------+---------------------+---------------------+\n6 rows in set (0.00 sec)\n```\n\n* \u57fa\u672c\u7684\u306b\u306fINSERT\u3067\u6307\u5b9a\u3057\u305f\u5024\u304c\u5165\u308b\n* \u30ab\u30e9\u30e0\u306b\u5024\u3092\u6307\u5b9a\u3057\u306a\u304b\u3063\u305f\u5834\u5408\u3068\u30a2\u30eb\u30d5\u30a1\u30d9\u30c3\u30c8\u306a\u3069\u6570\u5024\u3068\u3057\u3066\u3075\u3055\u308f\u3057\u304f\u306a\u3044\u5024\u304c\u5165\u308b\u5834\u5408\u306f\u3001DEFAULT\u5024\u304c\u5165\u308b\n* \u6708\u3084\u65e5\u4ed8\u306b `00` \u3092\u8a31\u5bb9\u3059\u308b\n\n### TIMESTAMP\u578b\u306e\u3068\u304d\n\n\u7d9a\u3044\u3066TIMESTAMP\u578b\u306e\u30ab\u30e9\u30e0\u3092\u6301\u3064\u30c6\u30fc\u30d6\u30eb\u3092\u4f5c\u6210\u3057\u307e\u3059\u3002\n\n```\nCREATE TABLE timestamp_tb (\n    id int NOT NULL AUTO_INCREMENT,\n    description varchar(20),\n    no_default timestamp,\n    default_zero timestamp DEFAULT 0,\n    PRIMARY KEY (id)\n);\n```\n\n\u5b9f\u969b\u306b\u4f5c\u3089\u308c\u305f\u30c6\u30fc\u30d6\u30eb\u306e\u69cb\u6210\u3092\u78ba\u8a8d\u3057\u3066\u307f\u307e\u3059\u3002\ntimestamp\u578b\u306e\u30ab\u30e9\u30e0\u3067DEFAULT\u306b\u5024\u3092\u6307\u5b9a\u3057\u306a\u304b\u3063\u305f\u5834\u5408\u3001\nDEFAULT\u306f `CURRENT_TIMESTAMP` \u3068\u306a\u308a\u3001\u30ec\u30b3\u30fc\u30c9\u304c\u66f4\u65b0\u3055\u308c\u305f\u6642\u306b\u81ea\u52d5\u3067\u65e5\u6642\u304c\u66f4\u65b0\u3055\u308c\u308b\u3088\u3046\u306b\u8a2d\u5b9a\u3055\u308c\u307e\u3057\u305f\u3002\n\n```\nmysql> SHOW COLUMNS FROM timestamp_tb;\n+--------------+-------------+------+-----+---------------------+-----------------------------+\n| Field        | Type        | Null | Key | Default             | Extra                       |\n+--------------+-------------+------+-----+---------------------+-----------------------------+\n| id           | int(11)     | NO   | PRI | NULL                | auto_increment              |\n| description  | varchar(20) | YES  |     | NULL                |                             |\n| no_default   | timestamp   | NO   |     | CURRENT_TIMESTAMP   | on update CURRENT_TIMESTAMP |\n| default_zero | timestamp   | NO   |     | 0000-00-00 00:00:00 |                             |\n+--------------+-------------+------+-----+---------------------+-----------------------------+\n4 rows in set (0.00 sec)\n\n```\n\n\u307e\u305f\u3001timestamp\u578b\u306e\u30ab\u30e9\u30e0\u306eDEFAULT\u306b\u3001\n`NULL` \u3092\u6307\u5b9a\u3057\u305f\u3068\u3053\u308d\u30a8\u30e9\u30fc\u3068\u306a\u308a\u307e\u3057\u305f\u3002\n\n```\nmysql> CREATE TABLE timestamp_tb (\n    ->     id int NOT NULL AUTO_INCREMENT,\n    ->     description varchar(20),\n    ->     no_default timestamp,\n    ->     default_null timestamp DEFAULT NULL,\n    ->     default_zero timestamp DEFAULT 0,\n    ->     PRIMARY KEY (id)\n    -> );\nERROR 1067 (42000): Invalid default value for 'default_null'\n```\n\n\u3053\u306e\u30c6\u30fc\u30d6\u30eb\u306b\u5bfe\u3057\u3066\u4ee5\u4e0b\u306e\u3088\u3046\u306a\u30c7\u30fc\u30bf\u3092\u6295\u5165\u3057\u307e\u3059\u3002\n\n```\nINSERT INTO timestamp_tb (description) VALUE (\"\u6307\u5b9a\u3057\u306a\u3044\");\nINSERT INTO timestamp_tb (description, no_default, default_zero) VALUE (\"\u7a7a\u6587\u5b57\", \"\", \"\");\nINSERT INTO timestamp_tb (description, no_default, default_zero) VALUE (\"NULL\", NULL, NULL);\nINSERT INTO timestamp_tb (description, no_default, default_zero) VALUE (\"0\", 0, 0);\nINSERT INTO timestamp_tb (description, no_default, default_zero) VALUE (\"\u6708\u3001\u65e5\u4ed8\u304c00\", \"2016-00-00 00:00:00\", \"2016-00-00 00:00:00\");\nINSERT INTO timestamp_tb (description, no_default, default_zero) VALUE (\"\u6570\u5024\u3067\u306a\u3044\", \"aaaa-aa-aa aa:aa:aa\", \"aaaa-aa-aa aa:aa:aa\");\n```\n\n\u5b9f\u969b\u306b\u30c6\u30fc\u30d6\u30eb\u306b\u306f\u3069\u306e\u3088\u3046\u306a\u5024\u304c\u767b\u9332\u3055\u308c\u305f\u306e\u304b\u3001\u4e0b\u8a18\u306e\u3088\u3046\u306b\u3057\u3066\u78ba\u8a8d\u3057\u307e\u3057\u305f\u3002\n\n```\nmysql> SELECT * FROM timestamp_tb;\n+----+-------------------+---------------------+---------------------+\n| id | description       | no_default          | default_zero        |\n+----+-------------------+---------------------+---------------------+\n|  1 | \u6307\u5b9a\u3057\u306a\u3044         | 2016-03-16 01:40:12 | 0000-00-00 00:00:00 |\n|  2 | \u7a7a\u6587\u5b57             | 0000-00-00 00:00:00 | 0000-00-00 00:00:00 |\n|  3 | NULL              | 2016-03-16 01:41:12 | 2016-03-16 01:41:12 |\n|  4 | 0                 | 0000-00-00 00:00:00 | 0000-00-00 00:00:00 |\n|  5 | \u6708\u3001\u65e5\u4ed8\u304c00       | 0000-00-00 00:00:00 | 0000-00-00 00:00:00 |\n|  6 | \u6570\u5024\u3067\u306a\u3044         | 0000-00-00 00:00:00 | 0000-00-00 00:00:00 |\n+----+-------------------+---------------------+---------------------+\n7 rows in set (0.00 sec)\n```\n\n* \u5024\u3092\u6307\u5b9a\u3057\u306a\u304b\u3063\u305f\u5834\u5408\u3084NULL\u304c\u6307\u5b9a\u3055\u308c\u305f\u5834\u5408\u306f\u3001DEFAULT\u5024\u304c\u5165\u308b\u3002\n* \u7a7a\u6587\u5b57\u30840\u3001\u65e5\u4ed8\u3068\u3057\u3066\u3075\u3055\u308f\u3057\u304f\u306a\u3044\u5024\u304c\u6307\u5b9a\u3055\u308c\u305f\u5834\u5408\u306f\u3001 `0000-00-00 00:00:00` \u304c\u5165\u308b \n* \u6708\u3084\u65e5\u4ed8\u306b `00` \u3092\u8a31\u5bb9\u3057\u306a\u3044\n\n# \u307e\u3068\u3081\n\ndatetime\u578b\u3068timestamp\u578b\u3067\u306f\u540c\u3058\u5024\u3092\u6307\u5b9a\u3057\u305f\u5834\u5408\u3067\u3082\u3001\u767b\u9332\u3055\u308c\u308b\u5024\u306b\u5dee\u304c\u3042\u308b\u3053\u3068\u304c\u308f\u304b\u308a\u307e\u3057\u305f\u3002\n\u307e\u305f\u3001\u578b\u306b\u3088\u3063\u3066\u5024\u3092\u30b5\u30dd\u30fc\u30c8\u3059\u308b\u7bc4\u56f2\u306b\u3082\u5dee\u304c\u3042\u308b\u3053\u3068\u3082\u8003\u616e\u3057\u3001\n\u3069\u3061\u3089\u306e\u578b\u3092\u4f7f\u3046\u3079\u304d\u304b\u691c\u8a0e\u3059\u308b\u3088\u3046\u306b\u6c17\u3092\u4ed8\u3051\u3088\u3046\u3068\u601d\u3044\u307e\u3059\u3002\n\n# \u53c2\u8003\u30b5\u30a4\u30c8\n[MySQL 5.6 \u30ea\u30d5\u30a1\u30ec\u30f3\u30b9\u30de\u30cb\u30e5\u30a2\u30eb :: 11.3.1 DATE\u3001DATETIME\u3001\u304a\u3088\u3073 TIMESTAMP \u578b](https://dev.mysql.com/doc/refman/5.6/ja/datetime.html)\n", "tags": ["MySQL", "mysql5.6"]}